NAF rev. 2,BE,CZ,(C1),(C2),(C3),[CI],[CJ],[CK],(C4),[CL1],[CL2],(C5),[CB],[CC],[CE],[CF],[CG],[CH],[CM],DE,[BZ],[DZ],[EZ],FZ,RM040,RM050,RM060,RM070,RM090
_199001,93.39,96.44,86.88,232.95,95.48,75.13,129.32,110.29,93.43,112.92,78.48,99.63,772.38,140.35,67.73,27.77,96.93,136.11,76.36,76.37,140.26,72.14,83.74,120.53,103.21,90.73,113.47,84.62,78.54
_199002,94.92,98.99,92.01,209.73,103.52,88.12,128.41,112.42,92.73,112.95,76.51,100.56,775.46,141.68,67.45,25.11,97.25,136.63,81.67,72.46,138.8,67.73,84.59,120.26,102.91,96.29,116.93,86.43,74.02
_199003,94.45,97.88,91.52,213.41,96.55,76.14,128.47,112.42,92.73,113.82,75.09,100.95,766.36,142.98,67.38,30.39,99.03,136.56,77.39,75.35,137.56,71.07,84.78,122.57,103.49,91.3,116.57,88.82,77.23
_199004,94.92,97.29,92.53,211.24,96.56,76.36,130.18,111.07,90.62,108.46,77.83,100.09,767.78,140.2,65.83,29.09,97.58,135.72,78.58,81.5,133.89,78.22,85.29,121.11,102.27,90.76,118.59,88.49,83.86
_199005,95.21,98.25,95.13,224.64,98.2,79.81,136.14,106.52,88.65,105.94,76.41,100.96,775.81,141.11,65.91,30.05,98.47,136.27,79.38,78.18,137.9,74.17,85.99,122.67,103.46,90.56,119.75,90.52,80.36
_199006,93.8,96.23,91.26,235.84,91.6,67.94,134.29,108.67,89.63,106.59,78.09,100.19,771.42,139.23,64.86,29.59,97.69,137.17,78.22,80.1,136.28,76.4,86.47,121.96,102.75,87.63,119.55,88.02,82.65
_199007,93.84,96.39,91.46,233.56,94.6,74.87,133.92,105.23,88.59,104.76,78.12,99.68,750.72,139.27,65.6,28.12,98.32,135.85,78.69,79.49,127.13,76.22,87.04,118.16,102.32,89.21,117.24,87.3,82.07
_199008,93.35,95.72,93.19,229.34,93.72,74.33,130.98,104.83,85.02,98.69,77.96,99.09,739.2,136.15,65.35,30.03,96.67,133.92,78.77,80.02,133.52,76.41,87.49,121.17,100.81,87.69,116.59,89.04,82.52
_199009,94.07,96.34,89.6,227.45,96.81,76.94,137.12,107,85.26,98.67,78.66,100.11,752.43,137.74,66.42,29.29,98.54,135.02,79.41,81.24,137.66,77.5,88.2,121.56,102.84,88.99,115.93,86.63,83.7
_199010,93.71,96.44,90.64,218.71,94.92,74.3,135.27,106.76,86.69,100.84,79.14,100.39,750.09,139.47,67.18,30.04,98.25,135.72,78.65,78.42,139,74.16,88.95,122.05,102.87,88.83,116.56,87.6,80.47
_199011,92.65,94.5,89.77,222.79,90.98,69.49,132.57,104.27,84.81,98.63,77.46,98.76,735.03,139.03,67,29.83,96.57,132.94,76.57,82.05,139.34,78.2,89.73,122.55,101.93,85.53,115.31,86.46,84.35
_199012,93.78,95.07,90.07,224.25,91.97,67.92,138.34,107.77,85.9,98.61,80.52,99.15,750.88,140.72,63.65,29.64,97.08,133.78,78.52,86.2,137.13,83.02,90.06,119.46,102.1,86.54,115.8,86.71,88.87
_199101,95.06,97.13,95.61,241.37,94.91,78.71,126.36,102.39,86.68,101.43,77.95,100.19,742.14,142.37,67.53,30.17,96.51,131,81.51,83.24,141.12,79.36,90.88,123.82,101.43,90.07,115.78,90.18,85.91
_199102,94.69,95.49,94.26,242.79,94.86,77.12,132.11,102.39,84.23,98.4,75.98,98.07,738.53,141.2,66.5,30.85,91.87,128.34,78.8,89.71,117.68,88.01,92.03,108.85,99.25,87.64,113.6,89.6,93.91
_199103,93.51,95.92,92.75,229.16,94.71,75.84,131.94,104.38,85.04,97.67,79.24,99.23,736.09,140.51,67.38,30.18,96.38,128.89,80.17,79.91,141.83,75.47,91.76,122.11,101.5,88.1,117.41,88.27,82.13
_199104,93.46,95.17,94.2,239.14,92.61,75.15,131.58,98.94,83.82,99.87,72.69,98.38,721.5,142.68,63.87,31,96.41,130.71,77.73,83.58,144.18,79.47,92.28,122.89,101,86.12,115.15,89.28,86.06
_199105,93.58,94.03,91.58,217.04,90.74,72.92,128.63,98.44,84.12,100.37,72.73,97.72,704.15,141.96,64.62,30.41,95.1,128.76,78.59,90.46,142.8,87.35,92.62,123.24,100.02,86.08,112.67,87.05,92.78
_199106,93.95,95.54,90.9,242.79,91.84,72.96,134.05,99.3,85.95,101.69,75.63,99.69,715.22,142.27,67.64,30.63,97.47,130.86,80.13,84.72,145.6,80.63,92.8,119.69,102.28,87.38,114.05,87.21,87.42
_199107,92.37,93.75,91.52,234.16,89.5,72.98,131.65,92.75,84.27,101.45,71.52,97.48,719.89,142.32,66.7,30.44,96.92,126.3,75.36,84.24,139.23,80.44,93.09,122.2,100.71,83.93,112.76,87.54,86.89
_199108,93.38,95.13,91.74,236.13,91.44,73.86,136.05,95.32,87.98,107.74,71.94,98.44,734.59,139.36,66.68,31.21,95.61,129.91,76.88,83.28,140.39,79.35,92.28,121.19,101.48,86.49,112.96,88.15,85.87
_199109,93.69,95.58,93,233.43,90.21,73.99,129.43,94.28,88.38,106.63,74.65,99.31,717.77,142.5,70.37,31.29,96.52,129.87,77.12,82.85,137.24,78.95,93.38,122.16,101.83,87.14,110.82,88.88,85.42
_199110,93.28,94.57,91.19,200.27,91.34,75.31,132.78,93.85,85.96,105.4,70.08,98.32,710.27,141.11,68.45,32,96.11,128.21,76.22,85.68,138.79,82.05,93.83,123.89,101.03,86.04,110.41,88.16,87.57
_199111,94.77,95.94,92.54,244.05,92.55,75.65,132.96,97.12,87.2,104.62,74.55,99.47,717.14,149.28,68.76,31.78,96.76,129.31,76.94,87.8,139.6,84.4,94,124.38,101.62,87.52,110.64,89.81,90.8
_199112,93.92,94.86,91.61,243.61,85.65,64.62,131.18,95.98,87.45,106.5,72.4,100.02,707.64,143.95,70.16,33.14,98.82,128.46,78.01,88.18,137.89,84.9,94.42,124.86,102.15,84.79,109.56,89.12,91.3
_199201,94.16,95.28,92.09,226.12,91.03,75.17,131.63,93.71,87.45,107.48,70.92,98.96,687.92,141.73,69.55,32.57,96.79,127.68,78.4,87.43,132.41,84.33,94.91,124.23,101.6,87.15,111.17,88.12,90.37
_199202,93.4,94.66,92.16,235.28,87.93,68.19,134.53,94.95,86.96,105.93,71.94,98.89,686.1,144.05,69.84,32.94,97.85,129.91,74.83,85.98,132.78,82.77,93.48,125.78,102.68,84.25,111.14,88.65,89.06
_199203,94.32,95.6,92.84,237.48,90.65,73.7,133.1,94.41,86.57,106.03,70.74,99.6,690.4,142.52,69.46,32.1,97.11,128.99,79.92,86.75,136.04,83.3,95.36,125.77,101.94,87.24,110.81,88.71,89.74
_199204,93.67,94.7,92.95,239.39,89.54,73.24,131.38,92.51,84.48,103.56,68.9,98.74,684.52,142.27,68.8,33.87,96.43,127.94,77.09,87.45,134.72,84.18,95.48,126.96,101.3,84.91,110.34,89.49,90.58
_199205,93.68,94.96,94.23,226.63,90.99,74.63,133.07,93.85,83.88,101.64,70.2,98.63,694.26,141.08,68.38,34.06,96.29,126.95,77.21,86.18,132.27,82.87,95.27,124.9,101.03,85.1,111.65,90.36,89.08
_199206,92.57,93.82,93.25,218.07,89.54,74.45,128.34,91.78,83.56,101.97,68.85,97.43,677.41,142.27,71.56,33.8,94.63,122.3,75.58,85.17,129.15,81.88,95.35,125.79,99.8,84.05,110.29,89.66,87.95
_199207,92.22,93.31,92.21,228.08,88.79,72.48,132.1,91.16,82.61,100.04,69.24,97.15,649.69,144.95,70.54,34.49,93.22,123.73,75.72,85.67,128.08,82.53,95.23,125.92,99.34,83.47,108.76,89.28,88.76
_199208,92.51,93.62,89.39,227.24,89.98,73.22,135.09,92.21,83.88,101.88,69.85,97.76,669.96,139.45,69.92,35.92,93.64,124.39,76.78,85.89,127.92,82.97,93.24,116.22,99.52,84.76,107.34,88.21,88.96
_199209,91.2,92.12,90.97,216.55,85.42,67.2,130.82,90.45,83.18,102.86,66.52,96.39,654.87,140.02,70.59,31.94,93.73,123.66,75.54,85.56,126.34,82.51,95.14,124.97,99.37,82.11,108.82,86.9,88.44
_199210,92.12,92.47,90.52,224.36,86.73,69.77,130.56,90.17,83.78,102.25,69.03,96.5,656.58,139.25,70,33.84,94.05,123.06,75,89.54,125.9,87.11,95.1,123.58,99,82.81,108.48,87.51,92.83
_199211,90.93,91.97,90.88,211.53,87.17,71.13,130.75,89.03,81.99,97.73,71.06,95.84,658.56,136.94,69.47,34.36,93.27,121.17,74.63,84.72,127.27,81.48,95.33,121.3,98.15,82.16,107.61,87.98,87.41
_199212,89.75,90.44,91.46,211.66,88.23,72.98,134.2,87.45,76.8,90.83,67.62,93.69,641.86,135.26,68.1,33.53,90.49,117.06,74.08,85.4,120.59,82.63,95.43,120.01,96.36,80.11,105.31,87.4,88.49
_199301,89.63,90.64,89.5,225.29,86.3,70.96,130.15,86.81,78.07,94.15,66.05,94.85,655.12,136.02,68.08,35.42,92.14,118.82,73.55,83.44,130.49,79.75,96.64,120.51,96.91,79.79,107.49,87.65,86.28
_199302,89.78,89.84,90.94,223.71,84.02,68.77,128.55,84.2,77.24,93.49,64.84,93.93,646.38,134.91,70.43,35.58,91.19,117.19,70.77,88.77,129.51,85.83,97.35,119.1,96.52,77.76,104.66,88.64,91.81
_199303,89.39,89.41,90.69,229.98,83.05,68.39,127.11,82.46,75.72,91.62,63.59,93.87,637.44,134.01,68.43,36.12,89.01,114.36,75.88,88.6,116.77,86.34,97.43,116.92,94.45,78.52,103,88.16,92.42
_199304,88.75,89.41,90.41,224.88,85.14,70.63,129.34,84.06,75.85,91.23,64.51,93.23,629.01,133.12,70.22,34.25,89.64,113.75,74.43,84.52,121.37,81.42,97.49,116.48,95.24,78.98,101.8,86.91,87.86
_199305,88.64,89.06,88.11,246.28,84.46,69.52,127.02,85.02,78.1,93.4,67.23,92.71,626.62,132.25,68.87,34.52,89.97,114.15,72.91,85.65,120.79,82.78,97.06,115.73,95.05,79.2,102.24,85.24,89.56
_199306,87.94,88.13,89.61,240.05,83.39,68.62,127.08,83.15,73.74,89.21,61.96,92.04,619.87,132.97,69.57,35.53,86.64,111.66,73.29,86.24,119.09,83.57,96.67,115.13,93.32,77.32,101.3,86.78,90.07
_199307,89.14,89.61,89.87,245,85.85,72.52,124.25,85.45,74.15,87.86,65.04,93.79,648.38,138.57,70.08,35.2,88.67,113.71,73.91,85.91,123.81,82.98,96.19,114.5,94.9,78.61,104.54,87.78,89.63
_199308,88.55,88.85,90.72,239.27,84.69,71.42,123.18,84.23,75.78,86.43,71.46,92.13,628.9,133.35,67.56,34.27,88.09,113.27,73.26,86.24,120.03,83.82,93.24,110.86,93.96,78.31,103.84,86.96,90.04
_199309,89.12,89.17,93.68,246.93,85.96,72.89,126.64,83.98,71.47,83.34,64.67,92.52,630.95,134.27,68.86,36.15,87.53,112.53,72.81,88.15,118.7,85.82,96.22,112.94,94.1,77.34,101.19,89.56,92.13
_199310,89.54,89.68,91.03,250.27,89.89,80.28,123.51,84.88,70.99,83.32,63.45,92.96,620.32,133.47,70.52,35.35,89.15,111.96,74.28,88.08,120.39,85.6,96.75,112.17,94.99,79.46,99.37,87.15,92.18
_199311,88.91,87.89,90.14,249.72,79.84,62.25,127.88,82.77,71.62,84.44,63.46,93.12,609.21,138.21,72.66,36.15,88.46,110.21,73.87,93.83,119.63,92.11,97.88,110.92,95.24,75,96.87,87.21,98.22
_199312,88.09,88.2,89.14,251.33,81.8,67.38,123.69,81.93,71.6,86.42,60.47,93.3,604.28,136.4,71.27,37.86,90.7,111.57,72.27,86.85,123.08,83.96,97.78,108.87,95.46,75.71,94.09,87.36,90.88
_199401,89.7,90.08,90.28,231.05,83.93,67.79,126.59,86.43,73.76,88.89,62.67,95.44,634.04,140.41,72.02,34.48,96.02,114.02,74.72,86.96,126.65,83.59,101.05,112.28,98.74,76.9,105.5,87.52,90.22
_199402,89.43,89.64,87.97,234.33,86.15,71.67,127.65,86.04,74.96,89.06,65.66,94.16,631.83,138.33,72.9,34.27,92.81,112.91,72.95,87.57,120.52,84.72,99.76,110.78,97.92,77.81,103.34,85.56,91.27
_199403,89.43,90.21,90.03,257.31,84.25,70.74,124.53,83.11,74.65,91.03,61.78,95.24,632.34,139.33,73.79,34.44,93.18,114.11,75.18,84.5,125.14,80.88,100.76,112.14,98.42,77.78,103.78,86.91,88.35
_199404,91.87,91.56,88.74,245.05,84.9,65.9,127.61,92.66,82.19,101.09,66.71,96.06,641.45,136.31,75.47,35.13,94.85,115.52,74.69,92.88,125.21,90.47,100.44,112.13,99.9,80.33,107.8,86.44,96.8
_199405,91.78,92.37,89.11,232.97,85.92,70.24,123.26,90.29,80.54,101.34,61.88,97.63,648.26,141.88,75.83,35.16,96.45,117.27,76.42,87.92,125.81,84.85,99.68,110.46,100.71,81.07,107.55,87.3,91.32
_199406,92.25,92.7,89.87,208.07,89,75.54,125.44,89.53,80.41,101.55,61.19,97.21,641.27,139.62,70.59,35.92,96.2,117.36,78.84,89.13,130.2,86.13,98.18,111.79,99.58,82.96,108.08,87.61,91.89
_199407,93.14,93.71,93.16,208.3,88.29,70.2,127.11,96.23,83.09,106.64,60.59,97.78,632.95,142.69,73.64,36.94,97.51,118.46,76.08,89.31,131.02,86.37,97.31,111.85,101.54,82.78,107.84,89.91,92.01
_199408,93.66,94.24,97.52,234.07,86.31,68.88,124.7,93.36,80.54,100.95,62.47,98.73,619.31,145.3,76.8,37.35,97.62,119.02,77.15,89.77,134.82,87.1,92.83,112.94,102.19,81.46,107.6,92.99,92.9
_199409,93.34,93.85,91.09,239.84,88.25,69.56,133.08,94.11,82.55,104.27,62.81,98.53,621.35,142.33,75.15,36.84,98.87,121.12,76.13,89.82,126.06,87.31,96.31,111.65,103.28,82.24,107.16,88.43,93.37
_199410,94.23,95.08,90.96,238.78,90.45,72.37,127.51,99.19,84.22,108.39,60.96,99.69,623.42,143.01,76.86,37.53,100.41,122.34,76.72,88.9,129.54,85.94,97.79,111.37,104.17,83.98,112.24,88.86,92.26
_199411,95.01,96.56,93.06,239.89,91.5,73.68,131.5,98.13,85.23,111.12,59.5,101.29,630.85,145.76,78.45,37.63,102.34,125.89,76.83,85.81,137.11,81.84,99.77,115.76,107.13,84.37,112.58,90.26,88.72
_199412,94.92,96.13,92.4,229,91.05,73.22,131.72,97.37,82.36,106.44,58.95,101.62,627.44,145.24,77.32,38.1,101.51,126.38,79.18,87.62,133.77,84.14,99.16,115.2,106.6,83.91,112.05,89.97,90.51
_199501,95.68,96.35,92.16,228.04,91.64,71.84,131.63,101.79,86.2,111.51,61.6,100.88,630.47,141.51,76.62,37.18,101.8,127.47,77.1,91.32,122.17,89.19,95.85,112.15,106.35,85.36,109.47,89.06,94.86
_199502,95.03,96.74,92.54,230.13,93.35,74.72,130.05,103.1,89.59,112.92,68.51,100.15,633.45,143.67,74.1,37.43,100.54,126.26,76.73,84.85,129.6,81.36,98.07,114.7,105.18,87.27,109.58,89.78,87.87
_199503,95.81,96.1,91.13,228.97,92.48,73.76,130.43,101.75,86.29,108.36,66.58,100.39,622.84,143.38,76.99,38.52,99.95,126.25,75.98,93.59,126.15,91.33,98.65,112.78,105.56,85.53,109.92,89.13,97.02
_199504,95.79,96.38,92.66,225.09,94.07,75.5,130.63,103.77,85.03,105.97,66.85,100.31,621.59,142.44,75.72,38.62,99.62,125.43,77.66,91.88,130.25,89.19,98.72,112.88,104.73,86.52,108,90.28,94.96
_199505,95.38,95.73,93.51,229.76,92.22,73.39,131.9,100.73,84.51,106.54,64.6,99.58,611.12,141.96,75.18,39.27,98.93,125.46,75.85,92.74,130.13,90.03,100.45,114.45,104.63,84.77,106.06,90.79,95.98
_199506,96.02,96.51,94.35,250.11,92.99,73.59,133.58,102,84.25,107.32,62.71,100.45,617.04,143.54,75.94,39.4,99.79,125.42,77.29,92.61,128.02,89.88,101.86,113.9,105.58,85.27,106.52,91.36,96.31
_199507,96.46,96.96,92.93,241.53,96.15,78.59,131.2,104.73,84.26,104.86,66.45,100.68,634.35,141.3,75.26,39,99.16,125.55,78.95,93.03,124.83,90.37,103.73,114.45,104.82,86.76,113.23,90.94,96.67
_199508,95.84,96.14,93.19,246.29,95.28,79.63,128.89,101.18,84.22,106.99,63.12,99.37,606.3,142.67,74.86,38.87,99.98,122.79,76.82,93.49,127.56,90.38,108.44,116.28,104.68,85.33,111.07,90.5,97.23
_199509,95.99,96.75,93.6,248.86,96.64,80.01,131.42,103.63,82.74,104.43,63.05,100.24,618.11,139.23,74.99,39.32,98.96,125.23,79.13,91.14,130.71,88.1,101.74,113.75,104.35,86.31,112.78,91.46,94.75
_199510,94.14,95.61,94.05,232.92,94.88,77.01,132.34,102.73,84.76,107.1,64.41,98.27,610.3,137.78,72.27,39.05,96.3,123.02,77.71,85.32,129.15,81.69,101,115.01,102.12,85.75,112.69,91.49,88.43
_199511,94.12,94.7,92.85,233.79,94.29,77.8,128.24,101.57,84.94,107.73,63.95,97.06,604.08,135.67,71.11,37.55,98.65,120.2,76.19,90.28,128.17,87.45,99.31,113.6,101.49,85.29,111.25,89.6,93.65
_199512,96.12,97.06,92.73,252.03,99.72,83.91,133.2,105.78,87.15,110.71,65.33,99.01,613.42,136.59,71.43,39.34,101.15,121.92,78.47,90.27,125.88,87.57,99.03,113.84,103.05,88.93,112.46,90.68,94.12
_199601,95.23,95.98,93.74,253.33,92.71,74.38,126.82,103.35,88.47,112.12,66.87,98.73,565.03,139.64,76.73,39.88,98.9,121.63,77.31,90.47,121.25,88.16,96.75,111.33,102.73,87.08,108.62,90.89,94.59
_199602,95.54,95.3,94.36,252.96,94.5,76.2,131.37,103.45,83.52,105.2,64.03,97.87,559.87,137.14,76.8,39.56,95.49,120.56,78.34,96.17,102.39,95.45,99.71,98.68,101.77,85.67,109.63,90.7,101.33
_199603,96.21,96.33,93.62,257.05,95.28,75.64,133.22,106.02,86.57,111.7,62.64,98.95,573.86,136.46,75.22,40.49,98.36,122.11,79.1,94.9,121.14,93.11,98.05,111.8,103.38,86.88,111.04,90.95,99.21
_199604,95.25,95.76,93.68,245.97,94.51,78.62,123.83,103.4,87.37,109.98,67.08,98.07,557.01,137.67,74.11,39.97,98.06,121.57,78.1,91.75,120.45,89.4,99.91,111.27,102.42,87.12,111.15,90.18,95.71
_199605,97.09,97.27,96.9,248.72,95.37,78.91,128.67,102.97,89.95,109.51,74.29,99.09,560.77,139.29,77.06,41.66,97.98,121.05,78.55,95.45,121.92,93.62,98.84,111.83,104.07,87.82,113.33,92.73,99.49
_199606,96.38,96.87,93.86,245.25,96.72,78.85,133.22,105,88.64,111.63,67.99,99.04,564.54,138.27,77.78,40.06,98.45,121.18,78.76,93.03,116.67,90.3,108.9,110.9,104.15,87.91,113.47,90.6,97.07
_199607,94.63,94.86,94.2,244.97,93.71,75.93,129.87,102.14,82.86,102.2,66.57,97.57,550.12,138.58,75.77,37.76,97.34,121.05,77.91,92.75,113.52,90.92,99.91,107.35,103.33,84.78,107.63,89.13,96.86
_199608,96.65,97.48,94.52,245.01,94.21,75.58,130.05,104.34,92.38,116.39,70.78,99.97,573.13,138.83,76.35,38.93,101.37,125.35,78.58,91.41,115.88,89.43,97.9,110.12,105.86,88.7,109.3,90.18,95.44
_199609,96.84,97.24,94.71,246.3,95.09,77.32,128.08,105.26,89.13,113.29,66.9,99.92,552.73,139.99,78.27,39.79,99.43,122.96,80.55,93.98,115.71,92.28,98.95,112.5,105.45,88.18,112.57,90.16,98.15
_199610,95.84,96.29,94.41,259.69,94.72,78.84,129,100.74,87.06,107.39,69.93,98.73,547.23,139.13,77.5,39.17,98.18,121.8,79.14,92.71,115.39,91.04,96.73,107.76,104.68,86.75,111.66,89.45,97.19
_199611,97.05,97.56,94.34,259.87,96.73,81.3,127.94,103.61,87.92,108.46,70.61,100.21,558.09,140.86,76.38,41.97,98.59,123.92,80.51,93.59,114.27,92.04,97.54,105.15,104.82,88.54,112.96,91.25,98.15
_199612,97.18,97.43,97.71,229.66,93.71,76.93,124.19,103.56,89.02,110.87,70.02,100.1,543.61,143.05,77.24,44.03,97.64,123.81,78.86,95.12,114.68,93.74,97.83,108.25,104.78,87.09,113.77,93.79,98.88
_199701,96.34,96.52,93.98,268.63,95.36,78.53,130.39,102.34,88.69,109.36,71.23,98.6,534.48,139.07,78.03,41.35,95.64,121.5,79.22,94.89,97.11,94.27,100.67,97.19,104.03,87.45,110.25,89.83,100.62
_199702,97.14,98.27,95.15,259.58,95,76.35,132.14,103.79,90.96,113.65,71.2,101.15,544.12,144.23,81.09,40.53,101.2,125.78,79.04,90.32,120.5,87.81,99.14,107.39,108.33,87.83,112.15,90.97,94.43
_199703,97.52,99.39,94.93,249.14,98.9,81.17,133.15,107.74,92.55,113.49,75.1,101.74,543.88,144.14,81.75,40.08,102.35,126.47,80.1,86.48,119.41,83.49,99.21,107.52,109.27,90.17,111.45,90.99,90.24
_199704,100.95,102.36,98.27,255.11,105.26,93.47,141.73,103.1,94.44,119.22,72.4,103.79,556.5,146.96,82.97,41.35,104.14,128.48,82.07,92.52,122.81,89.67,105.36,107.66,112,93.73,109.47,93.64,96.46
_199705,99.11,100.18,96.45,261.4,99.22,83.47,132.59,105.32,94.1,114.68,77.22,102.22,550.82,145.57,80.22,40.43,102.34,127.99,80.78,92.65,116.09,90.71,99.34,104.15,109.69,90.81,111.89,92.1,97.09
_199706,99.84,100.93,96.04,280.33,100.38,85.4,133.21,105.54,97.32,118.74,79.7,102.41,547.73,145.73,79.76,40.26,104.19,129.37,79.9,93.21,115.89,91.58,96.73,106.13,110.46,92.12,112.01,91.9,98.18
_199707,100.04,101.08,93.87,259.76,100.7,84.56,134.24,107.32,100.01,121.66,82.37,102.71,542.35,145.48,81.82,41.31,104.7,124.82,82.16,93.66,120.68,91.82,96.81,104.89,111.12,92.84,114.11,90.92,97.88
_199708,103.85,105.3,97.31,263.03,110.72,96.96,148.19,111.17,103.37,127.03,83.54,105.52,553.2,146.55,83.72,42.47,105.86,133.54,83.1,95.17,120.75,93.2,100.71,108.49,113.59,99.63,113.74,94.08,99.48
_199709,101.43,102.87,98.43,262.71,101.86,84.85,137.66,108.63,102.57,124.55,84.76,103.79,536.85,146.41,83.35,41.89,103.51,130.27,82.06,92.85,118.31,90.63,101.56,106.1,112.55,94.65,115.32,93.38,97.2
_199710,103.91,105.56,100.02,263.51,104.59,88.16,139.46,110.92,103.4,127.76,82.7,107.24,541.64,149.23,87.83,46.17,107.44,132.98,83.47,94.06,120.93,92,99.85,105.72,115.75,96.11,120.64,96.73,98.34
_199711,101.58,103.28,98.01,274.75,103.68,85.31,139.8,112.5,101.65,127.42,79.04,104.18,536.78,146.61,82.84,38.07,106.73,130.72,84.54,91.55,120.5,89.47,96.15,104.1,113.13,95.88,118.68,91.77,96.06
_199712,103.54,105.43,101.01,270.25,104.69,90.86,133.22,110.31,100.92,131.59,72.14,107.22,538.76,149.49,86.3,41.63,109.44,135.68,85.04,92.39,115.66,90.72,96.1,106.36,116.23,95.73,122.77,95.43,97.08
_199801,103.55,105.55,100.24,261.22,104.61,88.25,139.96,110.49,105.48,128.11,87.2,106.58,547.43,149.07,85.2,43.13,107.91,131.84,85.08,91.87,121.13,89.99,94.01,106.37,115.54,97.18,115.09,95.99,96.04
_199802,104.26,106.1,99.12,258.64,107.32,89.8,148.59,111.93,105.23,131.55,82.29,107.12,543.32,147.78,84.31,45.62,108.46,132.29,85.84,93.37,119.92,91.75,94.29,106.14,116.19,98.07,112.79,96.16,97.6
_199803,103.05,104.5,98.95,306.92,102.84,85.69,140.21,108.94,99.9,131.73,69.53,106.53,540.2,148.61,82.27,44.53,109.33,132.48,84.92,94.31,118.59,92.84,95.01,105.41,115.33,94.38,114.42,95.35,99.64
_199804,104.39,105.76,97.07,282.75,106.58,86.59,146.66,115.6,107.71,137.02,81.28,106.58,538.04,146.16,81.8,45.32,108.92,132.36,86.07,96.06,114.45,95.23,93.28,104.8,115.22,98.38,119.41,94.61,101.19
_199805,105.7,107.39,97.3,276.02,109.63,91.81,145.49,117.46,108.18,138.67,80.3,108.47,533.64,146.83,86.22,45.74,109.57,133.3,89.37,95.64,115.81,94.17,98.5,105.91,116.76,101.4,117.11,94.97,100.48
_199806,105.03,106.64,97.15,274.91,106.61,88.37,142.16,115.26,110.79,140.94,83.59,107.52,531.26,146.43,84.33,45.12,109.49,133.71,87.32,95.4,116.67,94.07,96.24,104.96,116.6,99.95,117.28,94.55,100.17
_199807,105.62,107.75,98.97,280.6,108.6,92.7,149.03,111.09,110.88,143.6,80.47,108.35,512.98,147.8,85.27,47.74,110.09,133.1,88.93,93.22,118.53,91.74,93.31,105.33,117.23,101.27,115.64,96.3,97.97
_199808,102.96,105.07,95.94,277.16,106.18,89.62,143.67,111.25,104.93,133.01,79.76,106.41,508.81,146.82,83.61,45.28,108.08,131.43,87.33,90.68,118.2,88.43,97.47,106.89,114.68,98.22,116.81,93.61,95.24
_199809,104.86,106.85,95.67,274.09,106.92,90.64,145.4,111.03,114.37,142.77,89.71,107.41,511.82,145.48,83.22,46.17,109.49,133.73,88.44,93.25,120.76,91.57,94.22,105.69,116.1,101.93,118.02,93.53,97.73
_199810,104.85,106.42,96.91,270.97,105.89,89.99,146.18,108.51,112.18,147.93,78.08,107.12,505.5,146.81,82.5,45.47,108.89,133.42,89.04,95.46,119.15,94.19,94.32,104.14,115.79,100.69,118.26,93.93,100.07
_199811,105.49,106.8,94.74,251.26,106.59,93.79,138.1,108.93,114.76,147.34,84.88,107.75,506.49,147.43,83.96,45.9,109.7,133.92,89.09,97.51,117.89,96.39,96.61,106.46,116.29,102.22,119.07,92.76,101.87
_199812,104.76,106.07,95.74,259.92,104.96,91.2,137.08,108.51,112.42,142.69,85.22,107.12,494.68,144.14,83.58,46.88,108.79,132.35,89.59,96.79,118.85,95.52,96.6,104.89,115.21,100.99,117.28,93.41,101.22
_199901,105.04,107.24,98.28,248.96,108.7,94.61,143.96,110.66,111.88,147.03,78.6,107.56,496.36,152.09,82.26,44.53,110.88,133.96,88.92,92.18,125.51,90.32,92.49,111.49,117.53,101.33,117.62,94.53,95.82
_199902,104.71,105.8,97.07,242.92,106.26,92.89,136.47,109.67,114.22,145.49,85.81,105.56,482.87,147.26,78.83,48.85,107.08,130.78,87.16,98.07,113.2,97.37,95.04,100.36,112.74,101.92,116.15,94.81,102.42
_199903,104.6,106.18,97.84,249.3,106.74,93.88,142.96,106.6,111.59,141.72,84.33,106.44,483.4,148.29,83.47,47.38,108.07,130.61,87.78,95.19,117.19,93.93,94.71,107.07,115.42,100.18,119.05,94.69,99.36
_199904,105.48,107.34,96.2,258.33,106.63,91.84,145.98,107.62,121.43,150.45,96.33,106.82,477.84,146,84.05,45.47,109.28,131.7,89.89,94.51,118.23,93.12,94.59,108.51,116.42,104.03,119.83,92.68,98.72
_199905,105.86,107.91,96.82,256.08,110.24,98.96,144.86,108.72,117.88,156.15,81.34,107.33,470.55,148.65,83.58,47.08,110.94,130.7,90.35,93.78,115.73,92.32,95.48,108.15,116.21,104.88,118.76,93.89,97.89
_199906,107.3,109.11,98.68,242.83,108.92,95.07,148.87,108.35,119.51,152.62,89.31,109.14,475.56,151.4,84.51,50.01,113.94,132.37,90.22,96.61,121.9,95.25,95.52,109.22,118.42,104.43,118.14,96.5,100.48
_199907,107.56,109.34,99.07,246.35,111.07,99.26,146.69,109.79,120.46,156.04,87.37,108.54,466.81,149.28,84.22,47.42,113.75,133.09,90.96,96.98,122.58,95.4,97.95,111.99,118.49,105.94,118.61,95.16,100.94
_199908,105.56,106.97,97.17,264.28,110.78,98.08,151.72,108.18,108.17,135.55,83.97,107.44,448.35,150.66,85.78,47.93,109.89,129.78,91.14,97.1,121.68,95.86,95.06,110.83,117.7,100.53,121.74,94.12,101.41
_199909,108.42,110.19,99.9,236.37,113.12,103.74,148.61,108.61,120.54,156.79,86.64,109.25,460.17,153.3,85.58,46.91,113.76,134.48,91.61,97.92,124.62,96.41,97.58,111.16,119.97,106.59,119.24,95.67,101.64
_199910,109.8,111.86,100.98,206.54,113.7,100.49,153.19,112.46,124.56,163.34,87.93,111.07,465.19,151.79,87.52,50.11,115.09,137.21,92.33,97.71,124.82,96.3,96.22,111.67,122.09,107.96,120.5,97.64,100.91
_199911,109.86,111.72,100.58,246.59,111.66,98.82,151.66,109.7,123.99,162.5,87.66,111.5,454.03,152.41,89.06,51.05,115.65,138.22,91.8,98.83,125.35,97.53,96.5,112.47,122.55,107.05,119.3,97.65,102.75
_199912,108.88,110.75,93.77,242.35,115.19,106.55,152.48,108.8,119.82,164.37,75.88,111.4,446.68,154.9,87.14,50.22,115.6,137.41,93.82,97.83,123.04,96.46,96.89,111.81,122.27,107.16,121.93,93.52,101.69
_200001,109.71,111.58,93,258.24,114.86,105.02,151.55,110.36,124.74,170.17,80.33,112.02,443.46,151.96,86.43,51.65,116.62,140.45,93.81,98.73,126.03,97.38,96.68,114.13,123.07,109.04,121.39,93.14,102.87
_200002,110,112.03,94.15,259.54,115.47,107.65,151.96,108.33,125.08,165.71,86.22,112.24,436.19,154.59,87.16,49.66,117.51,142.16,93.77,98.08,125.87,96.57,97.2,110.25,124.52,109.09,121.05,92.97,102.27
_200003,110.73,112.64,94.09,256.79,117.31,109.2,158.15,108.48,126.11,167.04,86.97,112.6,440.1,155.4,87.2,50.01,118.69,142.31,93.44,99.53,128.44,98.11,97.21,115.5,125.64,109.37,123.53,93.17,103.53
_200004,111.4,113.3,95.44,253.42,121.46,115.08,154.75,113.91,121.5,162.37,82.14,113.15,438.46,157.13,87.42,48.62,117.01,142.8,97.09,100.21,126.15,98.98,97.6,113.26,126.46,110.05,123.63,93.46,104.18
_200005,112.76,115.07,95.96,224.34,126.13,124.26,160.68,111.91,120.88,159.07,84.56,115.16,437.79,157.94,86.5,53.3,119.19,145.89,98.17,99.11,129,97.48,98.28,119.31,128.37,111.57,126.85,95.57,102.03
_200006,111.3,113.4,95.19,246.52,123.19,121.16,150.38,112.68,119.04,158.35,81.32,113.45,428.45,158.7,87.67,52.06,116.03,140.65,97.98,98.9,120.54,97.77,97.66,116.2,125.69,110.17,125.16,94.43,102.85
_200007,112.62,114.66,97.12,253.13,121.18,114.5,154.74,113.91,125.32,163.05,89.81,114.42,436.31,163.83,87.47,50.53,118.8,144.29,96.58,100.58,125.09,99.52,97.11,116.26,127.1,111.17,127.66,96,104.64
_200008,111.61,113.33,96.99,273.9,120.1,114.14,151.32,112.97,117.74,154.58,82.77,113.79,418.64,158.79,87.5,50.89,118.25,143.12,97.85,101.48,129.11,100.23,98.16,120.43,127.28,108.69,123.48,94.21,106.02
_200009,111.87,113.99,96.45,247.3,120.87,112.51,157.99,114.16,121.48,163.02,81.35,114.36,427.95,158.7,86.53,53.39,120.41,142.71,96.88,99.4,126.59,97.85,99.31,117.39,127.28,109.85,118.28,96.07,103.2
_200010,113.19,115.34,96.7,255.12,123.25,117.62,153.99,115.9,123.56,165.41,83.19,115.48,426.74,159.84,88.77,53.89,120.3,144.51,98.07,100.56,126.38,99.19,99.43,119.82,128.25,111.63,123.34,96.72,104.63
_200011,112.98,115.23,94.71,259.72,119.25,109.23,159.3,113.37,128.04,171.71,85.87,116.1,419.43,159.04,89.43,54.19,121.06,146.49,98.71,99.74,128.11,98.21,98.82,118.97,127.35,113.25,124.68,95.51,103.84
_200012,113.92,116.78,96.79,254.25,120.96,108.8,158.8,119.01,129.83,177.27,83.44,117.47,422.69,159.6,89.76,55.6,123.24,147.92,99.96,97.06,136.6,94.68,98.33,126.36,128.6,115.66,122.19,97.09,100.54
_200101,113.48,115.85,92.63,268.6,123.54,116.58,164.04,113.43,131.44,175.34,88.99,115.67,421.01,157.33,88.38,54.45,121.22,145.06,98.63,99.48,130.01,97.57,100.83,120.97,129.02,114.18,125.65,94.09,103.51
_200102,114.2,116.61,94.37,261.51,123.51,116.06,164.17,113.95,133.09,179.91,87.8,116.27,419.68,159.3,88.62,55.87,122.38,144.1,99.21,99.97,130.76,97.95,102.25,121.09,129.23,114.8,128.07,95.75,103.86
_200103,114.69,117.21,93.44,250.5,124.46,116.77,167.58,114.14,136.98,181.79,93.66,116.55,419.42,157.49,86.17,57.78,120.96,146.34,100.41,99.85,122.37,98.28,102.49,119.95,129,116.8,127.01,95.56,103.99
_200104,112.81,114.6,97.68,253.99,120.36,114.41,162.15,108.47,128.11,175.11,82.65,113.78,411.44,154.92,83.73,58.84,118.93,140.59,96.85,102.28,124.05,101.14,101.09,120.35,125.43,111.11,125.88,98.31,106.53
_200105,113.66,115.59,98.48,257.84,118.39,109.99,156.16,111.31,130.2,175.58,86.32,115.49,411.93,155.99,86.05,59.68,120.65,143.16,98.23,102.31,128.27,101.08,99.68,122.24,126.18,112.81,124.26,99.24,106.4
_200106,113.72,115.82,97.14,260.95,119.21,111.8,161.44,108.98,131.13,179.59,84.25,115.82,400.56,157.28,87.84,59.12,120.82,141.72,100.41,101.32,129.52,99.68,101.34,121.45,126.74,113.84,125.35,97.9,105.36
_200107,112.16,113.88,96.49,252.75,116.49,109.11,159.02,106.14,129.2,171.86,87.97,113.79,393.56,153.62,87.11,58.72,118.77,141.78,95.9,102.11,128.5,100.68,101.1,122.22,126,110.3,119.66,97.2,106.07
_200108,114.91,116.93,98.63,259.67,122.35,113.36,159.09,116.4,132.94,179.89,87.54,116.06,387.65,154.21,87.1,60.91,121.06,143.93,100.7,103.04,129.78,101.68,101.14,122.22,127.2,116.47,117.31,99.08,107.1
_200109,113.26,114.59,97.65,268.09,116.42,106.12,156.46,110.78,134.97,184,87.54,113.52,392.13,152,84.02,58.28,119.69,140.72,97.95,105.48,125.3,104.73,101.67,121.98,124.34,114.12,117.45,97.17,110.06
_200110,112.53,114.78,98.47,263.11,118.26,109.95,156.64,110.81,131.56,174.06,90.49,113.78,386.8,152.99,87.12,59.21,119.2,139.47,97.66,99.28,127.18,97.32,102.65,122.63,124.5,113.37,122.21,98.19,103.31
_200111,111.24,112.44,96.95,258.45,116.37,111.11,145.42,109.08,126.57,168.57,85.96,111.64,368.37,150.98,84.55,59.2,115.97,137.51,96.46,104.27,123.58,103.19,103.93,122.89,121.43,111.36,118.29,96.69,108.61
_200112,111.91,112.7,99.16,247.88,116.73,107.68,151.02,111.99,128.42,169.95,88.28,111.06,355.29,148.7,81.08,60,115.98,137.3,97.72,107.36,122.22,106.79,104.63,122.45,120.52,112.41,119.93,97.75,111.77
_200201,111.91,113.61,98.31,238.13,118.02,107.75,160.02,111.27,126.75,170.89,84,112.94,365.92,152.46,83.47,62.87,117.89,136.8,98.25,101.94,123.31,100.35,105.12,121.45,122.07,112.79,112.59,99.13,105.9
_200202,112.33,114.59,100.03,238.15,118.58,107.52,156.79,114.68,132.15,175.55,90.09,112.88,361.12,154.22,84.61,61.41,118.73,138.22,96.72,99.25,124.39,97.37,103.13,121.16,123.19,114.33,114.54,99.32,102.97
_200203,112.83,114.86,100.83,239.33,119.15,112.3,152.59,111.55,130.12,175.95,85.74,113.42,359.64,152.57,85.76,62.63,118.62,139.48,97.08,101.01,123.9,99.25,104.9,122.32,123.92,113.62,115.91,100.04,104.89
_200204,113.52,115.46,98.66,240.77,118.06,108.27,150.02,115.28,136.51,183.98,90.54,114.05,361.91,154,84.63,62.79,120.96,141.82,96.22,102.24,124.63,100.54,105.84,121.51,124.33,115.8,113.18,99.37,106.17
_200205,112.53,113.8,99.71,252.12,119.36,109.79,153.08,115.43,126.41,175.19,79.2,112.49,356.79,153.45,83.38,60.86,117.8,140.11,96.25,104.98,121.45,104.09,104.47,120.64,123.81,112.04,114.94,98.33,109.42
_200206,112.4,113.75,97.12,258.82,118.28,108.81,146.05,117,130.56,181.23,81.54,112.55,355.15,150.66,84.21,61.11,118.77,140.56,95.79,104.34,122.78,103.55,101.98,121.3,124,113.27,114.9,96.51,108.77
_200207,111.24,112.55,96.87,247.68,116.16,106.24,144.46,115.3,124.17,175.63,74.4,112.54,340.9,151.28,85.29,61.22,118.63,142.13,95.12,103.43,123.47,102.77,99.01,120.53,123.73,110.21,115.12,96.61,107.61
_200208,113.25,115.16,100.33,241.33,118.41,109.83,149.23,114.45,133.86,188.15,81.34,113.5,349.35,152.44,84.14,62.11,120.06,143.33,96.01,102.09,119.17,101.01,102.98,119.72,124.8,114.45,116.56,98.99,106.29
_200209,111.88,113.21,97.91,238.99,116.32,106.86,142.13,115.96,126.61,177.03,77.84,112.88,338.98,148.71,85.65,65.09,117.73,141.19,95.59,104.02,122.57,103.42,99.94,122.03,123.1,111.34,115.28,98.42,108.17
_200210,110.96,112.2,98.81,226.09,114.04,106.03,139.83,111.69,128.75,182.27,76.99,111.09,331.97,148.12,84.05,60.65,118.13,141.67,92.88,103.55,117.26,102.85,102.78,120.39,122.76,109.64,117.13,97.33,107.74
_200211,112.04,113.81,98.98,236.35,117.14,111.25,144.41,111.09,129.28,180.09,80.12,112.85,332.93,150.93,85.16,63.67,119.62,142.78,94.23,101.69,118.78,100.51,103.5,121.02,124.19,111.27,117.61,99,105.78
_200212,109.41,110.57,97.79,241.13,111.62,102.15,138.24,110.97,124.97,175.86,75.76,109.93,324.99,151,85.11,59.81,118.05,138.09,90.56,102.48,121.12,101.64,100.51,121.55,121.3,107.16,114.23,96.83,106.6
_200301,111.7,112.66,97.8,241.2,117.42,110.62,134.14,117.41,130.48,178.73,83.82,110.79,327.37,148.94,86.29,62.7,116.43,138.41,92.28,105.83,112.79,105.34,106.69,117,121.06,112.52,112.48,97.71,110.48
_200302,112.69,112.99,98.16,257.55,118.91,113.63,141.47,114.2,125.55,176.65,76.08,111.78,324.58,149.64,85.05,62.72,118.74,138.6,95.38,110.58,118.94,110.68,105.93,121.32,122.65,111.81,112.95,97.69,115.47
_200303,111.82,113.54,98.35,254.44,118.94,108.09,142.02,120.96,130.17,177.96,83.95,111.76,314.8,150.17,86.49,64.32,120.05,137.75,93.65,101.71,124.08,100.25,103.38,123.42,123.11,113.26,109.79,98.17,105.8
_200304,111.83,113.3,99.54,232.42,116.57,109.19,136.11,115.96,132.31,179.34,86.85,111.34,309.67,148.33,86.61,63.6,119.98,138.1,93.29,103.1,122.15,101.69,105.94,121.36,122.64,112.66,113.32,98.48,106.98
_200305,109.23,110.35,97.02,252.87,113.27,109.79,134.04,107.2,126.36,173.09,81.16,108.88,299.62,149.39,81.61,63.28,117.84,133.72,91.85,102.47,118.28,101.1,106.49,118.28,119.2,109.03,111.44,96.61,106.85
_200306,108.92,109.84,98.3,254.72,112.81,106.06,133.74,110.75,119.97,170.42,71.09,109.05,305.86,151.63,80.31,65.37,118.12,135.55,88.8,103.35,120.26,101.98,106.89,122.14,119.36,105.53,110.46,98.82,107.7
_200307,110.88,111.86,99.01,259.58,113.95,106.44,134.23,113.16,126.63,176.3,78.54,110.71,303.99,152.83,81.97,68.61,117.94,135.6,92.08,104.95,120.33,102.94,114.55,121.79,119.92,109.63,112.22,100.08,109.44
_200308,110.38,111.37,96.25,257.37,115.56,110.82,137.23,110.64,126.1,175.08,78.7,110.31,298.36,150.44,82.52,66.16,118.89,138.09,90.83,104.36,119.82,102.83,109.88,120.97,120.72,109.45,115.35,97.32,108.8
_200309,109.99,111.26,98.69,260.66,114.47,110.97,131.27,110.32,126.63,173.57,81.23,109.56,288.81,151.02,83.25,64.95,120.27,136.07,89.5,102.45,121.1,100.87,106.83,120.9,121.23,108.45,113.81,97.81,106.79
_200310,112.65,113.26,97.05,270.11,119.56,118.09,135.88,113.06,128.81,178.35,80.87,111.66,295.77,151.45,84.12,65.79,121.73,138.45,93.37,108.85,123.97,108.31,106.29,121.58,122.4,113.04,112.13,97.83,113.51
_200311,110.46,111.41,96.86,262.13,115.94,111.08,136.46,111.71,126.12,176.65,77.21,110.05,272.8,149.5,85.43,65.65,120.88,136.97,90.74,104.7,123.73,103.49,105.84,120.32,121.8,110.01,108.27,96.54,109.03
_200312,111.14,112.1,97.14,263.96,115.64,110.18,133.77,113.3,130.11,177.39,84.39,110.45,278.21,152.71,85.44,67.65,120.4,137.49,89.24,105.31,121.93,104.21,106.77,121.63,123.38,109.69,106.53,97.69,109.84
_200401,111.82,112.74,98.64,257.53,117.89,119.32,128.53,110.74,127.01,175.33,80.78,111.08,278.86,153.29,83.46,67.23,121.65,139.68,90.61,106.25,122.14,105.43,105.77,121.52,122.91,110.62,112.2,98.47,110.71
_200402,112.98,114.28,97.08,266.22,121,120.23,128.71,117.92,126.7,177.24,77.8,113.44,287.93,152.95,85.38,67.93,121.98,142.24,95.6,105.3,123.12,104.19,106.48,123.22,124.03,114.01,112.18,98.24,109.91
_200403,112.62,113.28,97.21,264.61,117.72,113.29,127.91,117.68,128.5,179.69,78.98,112.21,290.93,154.59,82.89,67.6,122.81,142.55,90.68,108.39,122.17,107.61,108.61,122.99,123.56,111.14,115.79,98.62,113.09
_200404,112.64,113.68,96.46,277,120.4,119.48,131.23,115.89,130.93,182.65,80.98,111.79,285.75,152.12,82.29,66.22,122.14,141.3,93.03,106.36,121.92,105.42,107.11,121.9,123.27,113.87,111.83,97.2,111.33
_200405,112,112.83,95.29,251.49,118.08,115.59,129.25,115.25,128.35,183.93,73.57,112.03,280.04,149,84.76,70.07,122.18,140.27,91.93,106.89,121.63,106.25,105.34,121.73,123.27,111.62,109.84,97.47,111.25
_200406,113.11,114.38,97.27,248.96,118.03,112.9,129.43,118.18,134.88,189.09,82.33,112.93,289.42,151.63,85.95,68.32,123.75,142.26,91.81,105.6,120.89,104.63,106.65,121.88,124.88,113.28,117.84,98.38,109.85
_200407,113.56,114.99,97.1,256.18,122.35,121.16,133.87,117.81,135.65,195.94,75.9,112.61,272.12,150.33,86.64,67.36,124.27,139.76,94.53,105.14,120.25,104.28,105.32,121.44,124.7,116.18,116.63,97.15,109.61
_200408,109.56,110.29,95.11,252.89,118.11,118.62,130,111.39,119.18,160.47,80.64,109.3,252.56,148.29,84.96,68.11,117.74,138.11,90.02,105.01,116.99,104.66,102.25,119.8,122.29,107.5,107.05,95.01,109.53
_200409,113.36,114.57,96.43,252.71,120.49,114.36,132.48,121.51,137.79,193.52,83.67,112.21,263.63,150.75,86.06,67.57,123.74,140.31,93.85,106.13,119.51,105.41,105.86,122.67,124.4,115.92,119.61,96.4,110.55
_200410,114.22,115.36,95.91,255.88,123.09,124.59,130.56,117.49,140.3,196.16,86.27,112.51,258.3,151.12,89.63,69.03,123.72,139.8,92.67,107.41,118.82,107.16,103.98,122.75,124.79,117.3,121.21,96.63,111.97
_200411,112.33,113.04,96.91,239.73,115.77,110,127.94,116.27,138.19,191.9,86.54,110.69,252.75,149.56,80.78,69.32,123.67,139.06,92.15,107.83,118.83,107.91,101.79,123.75,122.44,114.28,110.62,96.65,111.99
_200412,112.57,113.42,95.44,255.64,117.72,115.51,126.46,115.82,139.62,195.7,85.27,110.86,249.97,152.39,81.44,68.83,125.46,139.15,90.9,107.31,117.84,107.57,100,119.81,123.51,114.49,113.64,95.8,111.93
_200501,114.37,115.82,95.96,256.67,123.9,119.08,133.45,124.59,135.05,190.75,82.82,114.16,246.26,152.28,85.58,68.44,127.82,143.08,97.79,105.93,124.45,105.56,100.13,126.62,126.79,117.54,116.65,96.34,110.29
_200502,113.11,113.74,94.87,253.36,120.26,115.69,129.71,120.72,136.75,190.2,86.62,111.46,240.15,149.46,85.53,69.71,123.29,137.62,94.54,109.02,113.54,109.54,102.42,121.99,122.71,115.74,115.9,95.9,113.8
_200503,110.64,111.33,94.09,281.5,117.4,113.09,128.61,116.71,130.41,181.94,82.08,109.14,219.62,147.31,84.39,68.22,121.45,135.83,92.48,106.24,113.96,105.91,105.35,121.87,120.85,112.21,114.46,93.63,111.89
_200504,113.52,114.73,94.57,266.46,120.49,116.05,131.25,120.16,139.19,193.38,88.36,112.64,235.1,149.84,86.14,72.75,125.35,139.89,94.16,106.36,120.08,106.53,98.32,125.23,123.99,116.67,120.52,96.21,111.22
_200505,112.3,113.1,95.06,243.81,116.1,108.38,127.18,119.34,139.65,188.96,93.34,110.92,219.98,148.3,85.06,70.42,124.28,137.04,94.67,107.3,117.82,107.04,104.45,126.03,121.92,116.19,113.82,94.93,111.56
_200506,112.17,112.95,94.5,245.77,118.72,110.08,132.22,121.82,137.31,189.62,88.24,110.56,226.81,148.61,83.73,70.26,123.72,137.18,93.48,107.28,119.05,107.09,103.27,126.29,122.27,115.86,111.16,94.57,111.55
_200507,111.85,112.91,94.58,247.78,118.72,112.83,131.04,119.28,135.81,182.58,91.87,110.74,219.71,147.87,83.61,71.07,124.06,137.57,94.25,105.52,120.74,105.02,102.44,127.71,122.39,115.39,113.5,94.63,109.71
_200508,111.21,111.7,96.64,251.63,114.9,109.34,130.15,113.65,125.42,160.95,91.95,111.02,209.14,151.46,85.81,72.79,121.71,138.78,93.76,107.86,121.21,107.84,101.58,127.97,122.28,110.68,110.69,96.33,112.16
_200509,114.02,115.33,95.99,248.21,122.78,118.89,135.93,120.64,139.04,187.88,93.16,112.88,210.14,152.77,87.19,73.24,124.96,139.52,96.99,106.33,116.49,106.26,102.03,127.52,124.51,118.55,114.66,96.5,110.59
_200510,110.7,111.93,95.26,227.57,119.56,112.58,137.66,118.49,127.14,167.15,89.5,110.51,197.58,150.45,85.62,72.23,122.6,136.87,94.74,103.4,116.25,103.1,99.77,126.19,122.88,112.29,113.27,94.73,106.98
_200511,115.14,116.31,97.55,261.15,122.11,112.47,138.31,125.04,139.76,183.14,98.95,114.06,208.14,154,87.15,72.78,125.93,142.97,98.85,108.14,119.66,108.34,100.82,127.69,125.95,119.72,115.19,96.81,112.74
_200512,113.75,114.77,96.17,254.18,124.88,118.84,141.2,123.63,132.49,175.05,92.47,112.48,211.87,154.19,87.09,72.54,124.98,139.51,95.26,107.63,122.24,107.48,101.89,126.12,124.89,116.4,112.77,96.72,111.98
_200601,113.03,113.83,93.85,248.28,123.79,120.19,142.55,118.84,133.84,175.46,94.78,111.59,201.05,149.39,85.41,69.97,123.22,141.75,96.78,107.95,120.28,108.11,100.84,127.51,124.43,117.31,114.01,93.14,112.26
_200602,112.27,113.3,94.41,234.03,123.54,115.87,139.39,124.35,131.06,166.4,97.74,111.25,195.15,149.28,82.6,72.61,122.25,140.14,97.74,106.02,120.99,105.98,99.19,126.04,122.84,116.49,118.04,94.11,109.86
_200603,114.29,115.65,96.71,246.42,126.59,122.33,142.36,123.67,134.61,173.53,97.99,113.09,204.83,150.09,86.48,73.84,123.41,142.4,97.96,106.37,119.39,106.59,98.37,126.61,124.84,118.82,117.58,96.65,110.59
_200604,113.74,114.2,95.85,226.31,124.76,119.59,137.86,124.04,132.34,168.99,97.81,111.91,193.11,145.62,86.03,74.67,123.46,142.3,95.47,110.34,121.36,110.99,99.79,127.24,124.47,116.5,118.47,95.3,114.06
_200605,115.54,117.15,96.87,234.35,126.4,118.01,146,126.33,142.55,182.37,105.04,114.23,198.98,150.33,87.2,73.25,127.33,144.48,99.19,106.29,123.13,105.94,101.14,128.3,127.02,122.22,114.77,96.08,109.99
_200606,115.33,116.96,95.5,244.23,130.5,126.21,146.97,127.3,134.64,174.49,97.18,114.74,191.92,150.71,88.48,72.53,126.39,146.68,100.94,105.97,122.63,104.91,106.85,129.1,127.79,121.69,116.02,94.82,109.93
_200607,113.83,115.05,97.29,241.58,126.08,118.8,141.75,126.54,132.84,166.34,101.18,112.39,200.79,148.88,85.19,73.85,121.92,143.2,97.2,106.6,117.78,106.53,101.98,127.88,124.22,118.63,110.29,96.41,110.73
_200608,113.06,114.25,97.23,252.67,124.12,113.47,143.77,126.5,126.07,164.88,89.64,112.79,202.17,150.01,85.89,69.37,125.2,144.01,98.56,105.98,122.21,105.53,101.9,129.04,125.49,116.56,106.23,95.1,110.19
_200609,114.8,116.29,96.08,263.66,126.52,117.58,144.56,127.73,137.2,166.92,108.92,113.75,201.8,146.62,85.89,71.98,124.8,146.11,100.25,106.16,120.92,106,100.46,128.68,125.15,122.05,108.46,95.61,110.75
_200610,113.84,115.56,96.97,253.91,125.51,112.29,139.68,133.15,131.12,162.97,100.97,113.78,187.32,147.77,86.05,72.6,125.39,145.99,101.07,104.07,122.46,103.47,100.16,131.19,125.16,120.43,108.18,95.38,108.26
_200611,113.14,114.72,96.42,254.44,125.16,114.84,144.88,127.16,127.68,162.97,94.44,113.24,189.73,145.67,86.95,72.04,125.51,144.96,99.63,104.04,125.52,103.25,100.21,131.43,125.35,117.53,112.62,95.26,108.09
_200612,115.06,116.94,97.41,252.73,128.63,114.63,146.42,135.51,129.27,162.01,98.32,115.66,188.65,151.93,90.11,71.64,128.25,147.44,102.68,104.43,131.62,103.17,101.63,138.16,128.73,120.55,114.12,95.67,108.08
_200701,113.83,115.95,97.46,254.66,125.13,113.39,144.45,128.85,131.47,162.88,101.7,114.29,178.02,147.27,90.34,76.57,125.1,144.68,99.97,101.6,122.71,100.45,99.63,129.76,125.98,119.4,109.92,96.68,105.89
_200702,114.85,116.9,98.09,254.74,126.34,114.6,148.95,128.54,136.83,173.64,102.1,114.41,179.1,147.82,91.16,73.54,128.26,147.78,97.22,102.97,124.1,102.01,99.74,135.16,128.37,119.92,109.38,96.54,107.15
_200703,115.73,117.5,97.42,236.78,128.57,119.44,148.21,129.2,137.07,174.79,101.51,115.24,180.18,149.38,92.76,71.73,128.98,148.73,99.24,105.63,125.06,105.51,97.61,133.88,129.7,121.34,108.04,95.89,109.08
_200704,113.83,116.04,99.18,238.9,127.02,112.53,149.52,132.36,130.83,169.75,94.22,113.76,184.46,147.53,90.09,71.35,126.74,144.39,99.83,101.03,121.58,99.67,100.78,134.15,127.21,118.85,108.44,96.61,104.6
_200705,116.57,118.73,99.15,287.47,127.99,114.65,150.75,131.9,138.51,173.07,105.81,116.17,182.05,151.6,93.15,73.2,128.32,149.1,101.1,104.1,124.8,103.75,96.94,135.09,128.98,123.2,109.33,97.56,109.65
_200706,116.11,117.66,98.42,235.33,128.12,114.13,150.13,133.12,136.46,166.9,107.54,115.5,176.21,148.94,91.32,72.05,126.94,148.72,103.24,107.3,123.77,107.18,100.88,133.62,127.4,123.86,110.33,96.19,110.82
_200707,116.24,117.78,96.98,251.87,128.59,113.39,151.19,134.67,135.83,164.79,108.27,115.93,172.71,146.64,92.11,73.39,126.9,147.37,105.85,107.48,125.6,107.47,99.37,135.14,127.74,124.64,109.71,95.07,111.55
_200708,116.95,118.51,99.38,240.16,131.45,116.93,153.04,137.21,137.01,168.64,107.02,115.67,179.42,148.9,90.69,73.55,126.48,145.58,105.58,108.13,124.26,108.44,99.01,135.84,126.87,125.8,110.96,97.25,111.79
_200709,114.26,115.27,96.93,231.64,126.95,113.91,148.03,131.31,130.13,160.16,101.65,113.31,167.5,145.33,93.7,73.84,123.76,141.85,101.07,108.68,125.47,108.85,100.1,135.17,126.35,119.19,106.84,95.08,111.9
_200710,116.84,117.92,100.3,224.59,128.49,111.11,153.54,135.89,137.7,176.14,101.48,115.2,170.04,147.5,96.77,71.89,126.75,145.47,102.63,110.87,127.22,111.11,102.14,135.99,129.07,122.88,111.4,96.56,113.72
_200711,114.81,116.42,98,245.53,128.71,111.22,151.63,137.23,133.07,167.32,100.72,113.81,165.02,144.94,91.57,71.78,123.98,143.76,104.97,105.63,124.6,104.89,102.07,136.76,126.21,122.93,107.36,94.64,109.44
_200712,114.99,116.53,99.06,244.46,124.26,111.08,142.23,130.23,141.66,175.32,109.77,113.2,160.22,143.08,92.72,73.9,125.14,145.41,99.12,106.26,126.16,105.91,99.51,137.37,126.61,122.66,102.95,95.42,109.94
_200801,116.04,118.11,98.54,254.87,130.77,114.06,154.07,138.19,134.86,175.82,96.65,115.55,161.76,144.44,95.56,72.73,129.18,145.49,104.28,103.72,129.95,102.38,99.9,136.23,129.56,123.65,108.13,95.39,107.39
_200802,117.06,119.29,98.54,238.78,134.63,121.16,157.48,138.75,140.38,173.14,109.46,115.68,159.98,144.45,94.56,75.41,126.72,146.65,104.67,103.66,128.9,102.24,101.02,135.81,130.41,126.3,104.5,95.82,106.89
_200803,115.78,117.21,97.91,233.4,130.48,108.95,159.37,140.52,134.88,165.54,105.91,114.41,153.96,144.13,92.93,73.71,123.52,146.16,105.28,107.52,125.55,107.11,102.13,135.08,127.27,124.86,103.31,94.39,110.97
_200804,118.2,118.92,98.25,257.01,133.57,111.81,155.52,147.05,141.98,178.01,108.11,114.89,158.54,142.98,93.53,72.1,126.13,146.62,105.44,114.61,124.18,116.43,98.8,134.38,127.95,128.57,105.16,94.52,119.14
_200805,112.71,114.03,96.42,254.24,131.22,113.87,151.81,140.58,128.36,158.5,99.93,110.25,145.15,137.74,90.92,69.73,119.39,138.96,103.7,105.19,122.09,104.64,101.39,129.76,122.86,121.67,102.48,92.01,109.41
_200806,112.34,113.34,94.68,258.06,128.98,110.19,152.87,138.38,126.44,154.52,99.88,110.47,146.93,137.82,89.75,71.39,118.32,142.26,101.91,106.79,123.41,107.42,94.87,133.97,123.35,119.67,101.44,91.57,111.1
_200807,113.19,114.18,97.23,244.11,127.1,111.09,152.28,132.91,133.81,162.05,107.01,110.3,143.41,137.37,90.44,68.28,118.85,141.96,103.55,107.76,122.34,107.88,100.67,133.16,122.97,121.98,104.83,92.05,111.77
_200808,111.72,112.58,96,251.9,125.56,112.57,152.14,127.46,127.89,145.34,110.83,109.39,153.64,134.12,91.9,69.8,112.86,139.79,102.86,107.09,121.73,106.88,102.26,131.09,120.98,118.76,105.52,92.4,111.32
_200809,111.21,112,97.16,248.71,126.51,114.34,151.92,128.05,123.82,143.89,104.47,108.64,140.14,137.28,90.24,70.2,116.09,135.47,103.1,107.09,116.51,107.51,100.88,131.12,120.04,117.62,107.66,92.55,111.44
_200810,109.17,109.97,96.61,269.74,121.16,108.23,148.42,122.67,118.31,130.77,105.83,107.55,142.26,133.56,93.14,77.11,112.59,129.69,99.54,104.95,114.48,105.32,99.08,130.08,117.25,113.39,95.25,94.65,110
_200811,103.75,103.47,94.01,243.8,116.17,100.64,140.2,121.96,104.52,103.18,104.57,101.21,132.8,129.1,81.39,75.55,105.74,118.82,97.83,106.42,113.47,106.68,102.8,128.15,107.84,107.37,88,91.76,110.93
_200812,102.34,102.01,98.42,235.41,116.89,106.08,138.33,118.78,105.5,85.53,122.24,97.1,131.34,128.19,71.08,74.29,98.22,111.27,100.05,105.36,108.95,106.03,100.76,128.25,100.1,108.62,96.85,93.73,109.91
_200901,98.57,97.4,94.04,208.46,102.59,90.03,124.13,104.79,97.69,94.85,99.91,95.56,125.84,124.77,71.22,74.56,100.24,104.96,98.76,106.94,103.32,107.6,106.01,122.71,97.45,101.07,92.04,90.67,111.16
_200902,97.21,96.16,95.21,244.91,103.53,97.87,121.31,101.08,94.28,90.17,97.8,93.34,123.55,124.52,75.81,66.6,97.55,101.36,96.5,104.73,108.15,105.05,102.02,126.75,97.14,99.5,92.76,88.03,109.51
_200903,95.44,94.69,95.69,231.79,100.71,97.5,116.64,96.82,96.73,90.3,102.56,91.02,112.5,121.1,72.59,69.38,94.01,98.31,94.98,101.06,107.53,100.7,101.8,128.75,93.26,99.23,89.16,88.53,105.31
_200904,95.4,94.7,95.05,227.42,97.34,92.54,116.43,93.46,97.26,102.54,91.33,91.98,112.06,120.08,73.88,69.96,93.66,98.92,97.92,100.76,106.33,100.63,100.22,125.89,93.72,99.37,86.64,88.14,104.96
_200905,96.54,96.03,97.05,249.3,96.86,96.29,115.2,89.4,102.58,105.22,99.26,92.69,109.6,121.97,75.27,75,94.68,102.21,93.29,100.65,104.85,100.38,102.15,124.83,95.99,98.41,89.75,90.61,105.5
_200906,97.8,97.8,97.08,228.24,96.89,95.34,117.78,89.18,110.91,114.4,106.69,94.22,110.72,120.88,81.1,76.05,96.2,103.06,93.62,98.59,105.98,97.76,102.51,124.8,98.37,100.76,88.22,91.36,102.72
_200907,97.42,97.3,97.04,218.01,95.71,95.99,118.37,85.48,108.91,117.86,99.2,94.14,111.48,124.9,80.59,74.09,98.21,104.11,91.29,99.02,105.45,98.12,104.18,124.93,99.9,98.02,87.36,91.3,102.93
_200908,98.99,98.81,95.61,200.4,94.65,88.94,114.48,91.28,113.87,125.48,101.46,96.51,109.18,122.36,81.88,73.29,99.04,113.25,93.6,100.95,106.24,99.89,108.12,122.42,102.11,101.69,86.91,89.77,104.44
_200909,99.53,99.7,97.2,197.19,95.87,95.42,114.77,88.06,115.22,125.2,104.44,97.06,113.46,122.88,82.77,82.55,101.65,108.37,91.29,99.25,104.41,98.74,102.03,124.76,101.57,100.86,90.1,94.25,102.71
_200910,98.88,98.91,95.55,197.47,95.11,93.88,119.82,85.36,117.72,126.46,108.17,95.84,110.69,123.97,88.73,69.93,100.9,107.43,91.32,99.52,103.3,98.8,104.96,123.78,103.3,100.84,89.95,89.14,103.08
_200911,99.84,100.3,96.95,189.63,100.11,105.56,119.8,86.48,116.93,122.86,110.22,96.79,108.45,125.76,85.36,77.6,100.31,110,91,97.68,106.8,96.6,102.46,126.4,103.27,102.32,90.69,92.33,100.68
_200912,99.52,99.16,95.57,191.25,98.11,98.02,122.08,87.66,112.71,123.12,101.51,96.51,114.09,126.05,82.62,78.59,99.65,109.48,90.95,102.66,100.09,102.91,104.32,120.7,102.43,99.73,91.55,92.34,106.4
_201001,100.57,99.73,97.1,182.65,97.61,97.15,119.64,88.2,120.09,124.09,115.56,95.82,114.01,122.68,81.74,72.92,97.51,108.95,94.64,106.91,95.46,108.84,101.63,119.32,100.6,104.11,90.62,91.15,110.9
_201002,99.92,99.16,97.11,197.49,98.87,97.23,116.58,92.59,112.92,123.14,101.87,95.83,115.28,123.61,84.29,70.74,99.49,107.58,93.91,105.66,97.29,107.04,102.35,120.14,101.71,101.77,88.76,90.8,109.95
_201003,101.88,101.4,97.95,227.7,99.93,98.67,120.73,91.88,115.42,130.44,99.32,98.44,117.98,121.81,83.09,74.49,101.49,110.39,99.51,105.86,105.51,106.69,101.32,124.23,103.35,104.87,91.98,92.21,110.62
_201004,101.49,101.3,96.68,220.36,100.13,99.2,123.44,90.63,120.44,123.88,116.48,97.6,111.87,121.72,85.12,70.84,101.9,113.04,95.53,103.53,105.98,103.5,103.24,124.38,104.92,105.14,89.51,90.03,107.83
_201005,102.27,101.86,98.39,200.99,101.44,99.58,124.43,93,117.03,122.38,111.09,98.63,113.74,121.59,85.99,72.77,103.86,114.63,95.18,105.81,107.83,106.67,99.47,124.12,106.01,104.52,91.4,91.74,109.4
_201006,101.89,101.67,97.14,192.81,101.13,95.48,125.13,96.02,117.28,123.97,109.91,98.75,112.36,121.59,85.71,74.16,103.41,113.79,96.19,104.12,108.97,104.67,98.19,124.76,105.3,105.46,84.7,91.53,107.34
_201007,102.61,102.37,99.31,200.39,99.9,96.04,125.51,92.27,115.91,126.44,104.53,99.93,116.32,122,86.7,77.16,103.4,114.6,97.17,104.99,107.51,104.83,105.64,122.6,106.26,104.15,89.46,93.89,108.67
_201008,101.41,101.1,97.51,203.91,102.61,99.55,121.84,97.06,112.06,119.9,103.51,98.22,109.7,121.63,84.98,71.6,103.71,111.89,97.94,104.27,107.14,105.16,97.19,121.68,104.8,104.05,94.99,90.73,108.04
_201009,102.79,102.63,98.31,213.25,103.86,98.71,127.34,98.48,119.41,129.68,108.28,98.76,114.04,123.26,85.09,68.12,104.27,114.66,98.43,104.65,107.22,104.98,101.74,122.73,106.2,106.86,97.66,90.36,108.76
_201010,102.56,102.28,98.19,91.72,107.52,103.53,127.15,102.71,118.2,130.4,105.05,98.55,109.15,123.21,81.72,70.94,106.38,114.74,97.29,105.21,106.61,105.83,100.98,123.42,106.36,107.09,96.05,90.97,105.2
_201011,103.9,103.46,98.69,198.52,107.36,103.64,132.1,99.99,117.42,135.48,98.11,99.73,111.15,123.33,85.7,69.19,106.48,116.91,98.52,107.57,107.14,108.96,99.12,121.44,108.33,107.02,93.77,91.05,111.39
_201012,105.26,104.46,96.77,205.4,106.13,100.97,128.5,101.24,123.42,135.67,110.2,101.01,116.57,120.64,86.85,70.52,103.82,115.75,104.78,111.33,92.99,113.99,105.3,108.87,106.54,110.88,94.95,91.03,116.49
_201101,106.49,106.78,100.59,212.11,109.21,104.5,130.48,104.42,124.3,139.61,107.49,102.96,116.54,123.3,89.93,67.86,115.28,121.86,99.43,105.22,107.12,105.52,102.57,123.86,113.02,110.36,92.76,92.66,109.33
_201102,106.86,107.77,100.45,202.21,109.14,103.53,133.42,103.94,127.73,142.25,111.82,104.18,116.49,123.04,92.1,73.58,113.73,122.1,100.28,102.02,108.7,101.83,100.13,123.14,113.55,111.48,94.65,94.25,105.56
_201103,105.51,106.3,101.49,197.83,105.66,99.81,129.51,100.86,122.61,138.32,105.34,103.25,121.46,123.24,93.19,68.36,111.57,120.73,100.75,101.4,105.34,101.65,97.86,120.64,112.26,108.77,98.39,93.72,104.89
_201104,103.74,104.9,99.8,180.64,106.69,100.37,131.51,101.93,121.62,133.21,109,101.42,117.72,121.83,90.63,65.57,110.35,119.33,99.5,97.42,102.53,96.25,104.05,119.84,110.7,108.25,96.39,91.77,100.37
_201105,107.12,108.31,100.12,199.93,111.62,103.86,135.62,108.54,129.15,142.42,114.67,104.32,117.94,121.69,92.3,67.64,113.8,122.9,104.12,100.64,107.14,99.59,105.61,121.38,112.78,114.53,101.17,92.8,104.12
_201106,104.22,104.25,102.12,193.04,101.92,98.59,126.14,94.63,120.7,135.13,104.88,100.95,116.53,119.87,90.68,65.68,108.32,117.95,100.67,104.5,100.34,104.84,105.18,117.36,109.42,107.12,94.11,92.25,108.28
_201107,105.36,105.77,103.21,183.16,106.59,100.39,128.36,102.99,122.7,132.15,112.48,101.82,119.1,119.78,91.54,70.81,108.28,118.73,99.33,103.37,103.22,103.81,100.9,118.35,109.97,108.79,96.53,95.04,106.55
_201108,104.46,104.58,99.59,188.64,107.18,101.32,132.38,101.83,115.4,125.43,104.51,101.84,108.73,118.58,89.62,72.95,108.03,117.78,102.33,104.24,106.24,104.1,104.94,120.33,109.5,107.63,100.83,92.48,107.44
_201109,103.74,103.94,101.28,190.25,103.88,97.03,125.42,100.99,120.75,124.71,116.73,100.16,110.04,119.33,88,67.98,106.23,118.45,99.68,103.02,104.54,102.48,107.04,118.23,107.71,107.86,96.98,92.46,106.28
_201110,103.94,104.15,101.48,192.82,103.26,99.78,123.95,97.57,124.24,131.03,117.05,99.97,114.71,115.58,85.14,70.25,106.58,116.22,101.19,103.15,103.95,102.78,106.3,116.93,106.05,109.1,94.97,93.63,106.62
_201111,106.06,106.97,101.87,199.83,109.1,100.28,125.89,110.04,125.63,135.14,115.37,102.85,115.01,117.46,89.46,72.09,108.72,119.67,104.48,101.22,105.01,100.2,107.53,118.47,108.72,113.6,94.59,94.68,104.81
_201112,103.98,104.83,99.44,205.2,103.11,92.64,125.78,103.15,128.87,128.64,129.6,100.73,114.6,115.78,87.97,71.08,106.21,116.52,101.98,99.46,102.4,98.6,105.09,115.54,106.54,111.22,91.61,92.84,103.38
_201201,103.39,103.95,99.14,179.21,108.6,105.99,127.36,102.99,122.46,129.56,116.03,99.22,114.65,115.82,90.22,66.31,104.15,117.01,97.77,100.65,106.77,99.42,107.69,119.72,107.58,109.12,97.63,91.13,103.47
_201202,104.41,102.49,100.27,165.5,103.94,99.69,121.77,100.24,118.43,125.26,112.25,98.6,117.89,113.34,84.1,72.96,98.04,115.52,100.57,115.83,80.76,119.01,110.25,102.07,101.44,108.11,96.62,94.18,119.77
_201203,103.68,104.56,100.92,160.86,103.72,97.8,121.38,101.63,124.87,125.02,124.9,100.85,118.04,116.11,87.8,71.89,105.51,115.94,102.17,99.12,103.24,97.4,112.17,114.32,105.76,110.7,94.45,94.21,101.35
_201204,103.88,102.91,100.83,155.89,104.47,98.99,119.96,102.9,115.95,120.53,111.86,99.66,115.46,113.06,89.46,78.71,101.68,111.61,99.51,109.84,97.96,110.92,107.82,112.94,103.35,106.9,97.04,95.88,112.25
_201205,102.38,102.52,101.29,153.28,103.36,96.9,121.99,101.33,116.4,120.44,112.81,99.11,120.22,111.49,88.9,77.05,101.64,111.46,98.34,102.02,101.15,100.89,113,113.89,103.86,105.99,94.59,95.46,104.05
_201206,101.53,101.6,101.09,175.1,99.12,91.26,124.82,95.34,114.13,118.54,110.18,98.83,112.96,112.35,86.92,76.32,101.44,110.75,100.6,101.52,102.16,100.49,110.42,112.83,103.27,104.35,95.01,94.41,104.45
_201207,102.13,102.52,99.86,185.97,104.05,95.77,119.63,105.03,116.23,119.64,113.21,98.89,114.64,110.89,86.17,73.42,101.2,111.97,102.35,100.33,99.76,99.18,111.34,115.33,102.36,108.2,96.55,93.3,103.88
_201208,104.22,104.69,101.22,182.47,106.03,96.61,121.47,108.13,120.11,119.03,121.27,101.05,116.75,111.35,87.6,79.08,102.68,113.61,104.24,101.97,97.26,100.09,122.57,116.76,104.02,110.88,97.12,95.57,105.54
_201209,102.06,102.32,100.62,164.65,100.73,91.66,125.53,98.46,114.83,116.26,113.66,99.77,111.56,110.23,90.19,74.62,101.62,112.35,102.84,101,98.62,99.84,113.22,110.09,103.9,106.33,93.31,93.92,103.68
_201210,100.65,100.43,101.69,173.81,100.12,90.65,119.55,100.52,110.16,108.15,112.19,97.2,116.38,111.66,89.09,65.79,100.51,110.07,99.44,102.29,102,102.83,97.26,114.07,102.17,103.98,93.07,92.25,105.16
_201211,100.79,100.44,100.44,168.57,99.06,92.37,117.8,97.2,115.04,107.68,122.04,96.91,117.64,108.38,87.77,71.18,98.77,107.73,99.7,103.24,101.95,103.46,101.9,114.32,100.33,105.42,90.99,92.98,105.88
_201212,101.31,101.39,102.22,161.98,98.78,92.13,116.71,97.22,116.06,110.43,121.44,98.05,114.62,110.13,90.02,70.9,99.23,109.79,101.17,101.3,100.77,101.02,104.06,113.17,101.29,105.95,95.34,94.42,103.69
_201301,101.08,100.87,99.01,160.97,103.03,99.12,119.08,99.73,111.5,104.5,117.97,97.74,112.62,109.6,90.7,75.48,95.86,107.15,101.68,102.72,91.17,103.56,101.61,108.9,100.38,105.99,91.79,93.49,105.63
_201302,102.65,101.6,99.57,174.39,103.69,101.15,120.99,98.53,115.18,102.7,127.28,97.81,108.64,110.63,91.13,72.28,99.1,108.58,100.63,108.97,93.8,109.84,109.96,111.85,102.04,106.67,92.92,92.81,112.37
_201303,102.87,101.83,98.96,174.35,106.06,102.05,124.78,101.65,115.99,109.45,121.94,97.61,106.09,109.56,91.19,73.49,98.11,107.88,101.07,109.14,93.97,110.33,106.81,110.23,101.67,107.65,95.76,92.65,112.51
_201304,104.18,103.32,100.09,178.22,104.27,98.87,119.34,102.84,123.14,115.32,130.36,98.91,109.7,110.51,93.46,75.27,101.2,109.57,99.57,109.49,98,110.31,108.32,115.32,103.91,109,89.59,93.96,112.78
_201305,103.84,103.06,100.47,183.68,102.75,95.76,121.33,101.25,122.98,115.66,129.69,98.7,114.51,109.68,91.64,78.12,99.11,110.21,98.39,108.67,95.62,109.38,109.84,115.2,102.62,108.15,88.84,95.53,112.33
_201306,102.33,102.4,95.59,182.15,104.3,97.19,121.77,103.43,124.14,113.05,134.73,98.28,112.63,109.09,92.41,74.49,101.43,108.65,98.6,102.43,96.59,101.84,112.18,114.5,102.71,108.84,92.34,91.98,105.91
_201307,101.69,101.56,97.44,173.43,103.09,95.93,119.44,102.76,117.61,104.9,129.93,98.01,111.97,106.69,91.2,72.4,101.65,110.18,98.89,102.89,101.72,101.82,114.23,117.56,102.94,107.1,88.86,91.67,105.71
_201308,100.9,100.47,99.41,162.62,99.21,93.85,116.7,96.64,117.29,101.37,132.92,96.76,106.65,108.09,89.26,69.43,99.8,109.87,98.69,103.8,100.05,100.82,137.06,114.51,102.3,105.46,85.13,91.05,106.31
_201309,101.84,101.75,97.88,154.3,104.12,98.43,119.36,102.89,122.99,112.65,132.83,97.17,106.47,107.82,91.22,74.01,101.18,109.38,95.99,102.83,98.35,100.9,125.56,115.56,102.83,107.31,95.75,92.08,105.04
_201310,101.43,101.91,98.47,138.06,102.88,96.4,119.6,101.72,124.33,114.48,133.64,97.54,109.66,106.89,94.47,71.73,100.42,110.69,95.83,99.25,97.52,98.63,106.3,116.72,104.02,107.59,89.04,91.77,100.68
_201311,102.92,102.78,99.87,170.33,102.86,96.31,116.32,103.26,127.72,117.54,137.34,97.6,109.52,108.59,94.64,72.52,100.51,109.61,95.9,104.23,96.52,104.18,109.64,112.23,103.73,108.61,92.04,92.86,107.05
_201312,101.95,102.06,99.9,143.27,104.36,99.51,122.75,100.9,120.47,116.79,123.43,97.72,109.16,107.86,93.56,72.2,102.1,109.14,96.97,101.8,100.39,101.37,106.62,116.5,104.11,106.58,100.45,92.74,103.25
_201401,100.52,101.2,98.69,164.95,100.72,92.5,114.19,102.69,122.33,115.47,128.6,96.85,109.77,109.02,95.36,66.51,99.2,109.18,96.87,97.29,97.16,96.26,107.92,115.1,102.76,106.84,89.04,91.14,99.78
_201402,102.38,103,100.53,152.91,103.64,97.8,113.93,104.79,122.39,116.48,127.76,98.84,113.1,109.54,95.61,73.3,102.37,110.06,97.59,99.48,96.11,98.8,108.52,113.3,103.71,108.81,85.63,94.42,101.61
_201403,101.75,102.61,98.23,160.1,104.6,96.38,121.65,104.92,123.56,115.18,131.28,98.25,112.19,110.26,96.62,71.02,100.4,109.28,97.62,97.55,95.38,96.28,112.24,112.6,104.27,108.08,91.49,92.58,99.95
_201404,101.71,102.49,100.47,160.26,100.83,93.27,113.22,102.67,123.34,114.37,131.63,98.43,118.77,107.89,95.61,70.92,100,110,98.38,97.98,97.03,96.65,112.42,113.22,103.36,107.87,86.09,94.01,100.3
_201405,100.13,99.88,98.62,152.09,98.29,93.01,107.59,99.35,119.22,113.95,123.99,95.96,109.33,105.77,94.63,66.03,97.53,105.88,98.77,101.71,89.4,101.62,110.61,108.85,100.47,106,85.85,90.59,104.22
_201406,101.59,101.85,99,151.51,101.28,93.26,110.02,105.28,125.36,116.8,133.24,97.31,112.7,109.03,95,65.55,99.39,109.62,98.66,100.58,91.27,100.05,112.14,111.45,102.33,109.03,88.28,91.33,102.93
_201407,102.43,102.56,98.97,160.31,102.81,97.45,113,103.54,127.76,117.56,137.22,97.6,114.68,109.01,96.52,67.2,98.81,108.61,98.76,102.05,92.14,102.81,99.83,111.93,102.68,109.94,87.58,92.11,104.7
_201408,100.75,100.75,98.12,165.54,95.79,90.35,106.64,96.27,123.19,119,126.91,97.3,106.51,104.64,95.47,73.47,96.47,108.15,99.04,101.09,93.38,101.45,101.62,110.19,101.32,106.63,80.63,91.97,103.86
_201409,101.97,102.32,100.03,168.23,100.9,92.84,109.69,104.92,123.18,117.75,128.09,98.16,113.24,107.68,94.19,73.25,97.45,106.22,102.65,100.46,91.71,100.32,107.37,109.89,101.09,109.07,87.42,94.16,103.41
_201410,100.39,101.08,98.51,173.29,97.98,94.24,108.35,97.01,124.03,114.24,133.1,96.96,109.14,106.64,94.72,73.36,97.49,106.82,97.64,97.13,92.07,96.3,109.05,109.99,100.58,106.52,86.72,93.47,100.22
_201411,98.99,99.58,97.33,167.03,98.43,89.72,110.78,101.4,114.56,111.9,116.83,96.47,103.67,104.97,94.88,73.59,96.52,106.68,97.44,96.22,88.68,95.23,111.66,105,100.48,103.89,79.68,92.21,99.23
_201412,102.45,102.66,99.2,170.37,105.33,92.24,113.58,114.55,123.93,112.44,134.61,97.67,110.24,106.18,96.4,74.24,96.65,106.97,99.33,101.71,90.05,101.53,111.17,109.62,101.66,110.22,76.31,93.86,104.84
_201501,102.12,102,98.78,175.35,99.84,94.62,104.76,102.87,123.94,117.84,128.83,97.99,110.38,106.84,96.38,79.42,98.25,106.41,96.62,103.18,96.87,102.82,110.53,109.41,101.35,107.13,86.13,95.19,106.21
_201502,103.1,102.32,98.09,177.09,98.54,94.35,106.54,99.08,129.23,121.81,135.17,97.99,110.07,103.91,96.93,81.26,96.41,107.65,96.43,107.77,93.1,108.45,108.97,107.12,101.83,107.8,87.81,94.6,111.09
_201503,102.93,102.97,100.26,197.29,100.29,94.25,111.67,100.99,126.98,120.45,132.2,98.26,108.11,105.33,96.03,82.99,98.08,108.25,95.6,103.05,94.94,102.89,109.43,111.8,102.39,107.43,84.49,96.47,107.07
_201504,101.91,102.32,99.55,172.27,101.31,97.63,107.95,102.04,122.43,124.65,120.71,98.3,104.69,104.79,96.01,80.89,98.39,107.87,97.7,100.09,97.38,99.42,108.64,109.13,102.19,106.99,90.21,95.32,102.99
_201505,102.61,103.32,100.02,169.88,105.16,107.26,108.1,102.1,125.17,121.14,128.42,98.46,108.41,104.26,97.99,82.28,98.39,107.86,95.86,99.1,97.13,98.28,108.92,107.79,103.19,107.58,102.77,96.12,101.94
_201506,102.85,103.09,100.87,149.74,104.82,100.57,108.91,107.34,125.27,121.94,127.97,98.11,105.67,103.49,97.58,80.49,98.76,107.34,96.5,101.94,99.54,101.46,108.32,110.38,102.63,108.39,98.92,95.77,103.87
_201507,101.98,101.79,100.17,155.59,98.05,92.45,108.15,98.93,122.87,120.15,125.07,98.12,106.82,104.63,97.88,81.17,98.52,106.35,96.4,103.39,97,103.01,111.05,107.88,102.73,105.36,84.87,95.59,105.67
_201508,102.84,103.23,99.88,152.98,101.52,99.98,106.46,100.99,131.32,135.62,127.95,98.22,108.36,106.25,97.33,81.84,96.21,105.4,98.31,101.12,94.14,100.9,107.48,107.44,100.91,110.29,91.32,96.21,103.42
_201509,103.84,104.25,100.9,181.23,105.56,106.78,107.97,103.61,130.39,125.29,134.49,98.53,110.89,104.41,95.4,82.43,99.64,109.24,95.43,102.02,97.53,102.2,102.37,109.21,102.62,110.51,92.65,96.75,105.27
_201510,103.95,103.32,99.78,185.57,102.69,100.39,106.76,103.33,127.43,127.14,127.7,98.48,106.65,103.99,97.26,82.08,100.59,109.26,94.39,107.74,96.71,108.47,106.16,107.7,103.32,107.51,101.67,95.72,111.23
_201511,101.64,102.43,99.65,172.65,99.38,98.65,104.69,97.89,121.14,127.62,116.02,99.2,113.1,106.55,99.05,81.03,100.97,108.6,95.08,97.72,97.68,96.97,105.66,109.48,103.55,104.77,97.79,96.35,100.64
_201512,101.97,103.49,99.91,160.83,99.62,93.72,104.68,103.25,124.31,122.39,125.87,100.44,107.38,105.69,99.87,88.86,99.29,107.76,98.56,94.08,96.42,92.62,108.31,108.14,102.72,107.97,91.28,97.71,96.58
_201601,103.56,104.59,100.34,170.99,99.46,91.16,107.4,104.16,132.5,128.57,135.71,100.52,113.2,106.93,102.84,82.36,101.96,109.17,96.18,98.43,97.98,97.57,108.14,110.23,104.21,109.46,90.46,97.78,101.26
_201602,103.41,103.26,99.65,169.8,101.61,95.97,106.79,104.96,131.09,127.51,134.02,98.13,114.16,104.61,99.27,77.05,100.63,107.78,93.98,104.53,97.92,104.64,106.93,102.1,103.1,108.98,88.93,95.24,107.33
_201603,102.62,102.02,99.77,174.72,97.85,94.12,103.72,98.93,128.78,125.62,131.35,97.23,106.91,103.88,97.05,81.24,99.11,105.96,93.4,106.18,91.73,107.04,104.84,103.3,101.19,106.25,91.89,95.91,109.47
_201604,104.09,103.82,98.72,175.41,100.11,94.97,104.83,103.17,136.1,132.37,139.15,98.75,111.11,104.48,98.15,78.48,100.39,107.66,97.2,105.85,93.88,106.5,105.45,104.14,102.16,111.38,90.42,94.79,109.06
_201605,102.29,102.61,97.84,136.48,99.1,95.73,105.21,99.71,130.08,127.46,132.23,98.81,111.17,104.08,94.19,80.89,100.58,108.75,97.84,100.92,95.61,101.01,102.83,107.14,101.19,109.41,91.32,95.16,102.48
_201606,101.69,101.67,97.52,114.29,97.46,95.91,105.97,95.07,132.07,129.64,134.07,97.59,105.66,103.28,91.02,84.96,100.87,107.48,94.82,102.14,95.21,102.95,96.89,106.42,100.73,107.84,87.07,95.4,102.83
_201607,101.64,102.18,98.79,171.52,96.66,92.98,104.6,96.69,128.02,126.07,129.62,98.31,105.9,103.18,98.41,82,99.68,107.32,95.49,99.1,94.92,99,102.45,106.4,101.55,107.15,88.25,95.32,102.08
_201608,103.43,103.95,99.87,170.72,100.63,96.45,108.62,101.15,132.57,135.82,129.96,99.22,109.1,105.6,100.7,84.27,101.64,105.43,95.52,101.07,97.96,100.82,105.44,112.78,103.97,107.92,102.82,97.15,103.88
_201609,102.52,103.05,100.27,169.21,99.33,95.1,108.54,99.32,128.42,126.46,130.02,98.66,104.27,103.78,97.6,80,101.18,110.34,95.19,100.07,100.65,99.7,103.64,109.87,103.85,107.57,86.33,95.59,102.69
_201610,102.12,101.97,99.04,178.38,97.09,92.44,104.65,98.3,130.95,126.75,134.37,97.1,104.49,103.46,97.79,76.67,100.45,106.33,94.16,103.24,95.46,103.64,103.01,110.28,101.71,107.36,89.73,94.03,106.45
_201611,104.26,104.84,100.12,194.51,101.51,99,112.27,99.03,130.34,135.82,125.92,100.6,106.96,104.28,101.37,87.6,102.54,109.96,95.67,101.58,99.41,101.53,103.2,112.01,105.52,108.64,89.92,97.68,105.25
_201612,103.57,103.8,99.76,180.46,101.64,93.6,110.63,105.58,131.19,135.23,127.94,98.88,103.31,103.01,103.94,81.51,101.2,107.27,94.17,102.69,98.55,102.64,105.51,111.42,105.04,108.22,91.81,95.56,105.85
_201701,103.67,102.98,98.2,166.08,98.38,97.06,103.78,97.07,131.18,128.53,133.43,98.91,106.08,104.36,102.78,81.7,100.09,107.05,94.87,108.01,88.35,109.24,106.62,111.69,102.43,108.1,89.62,95.86,110.94
_201702,102.73,103.53,99.36,149.66,100.57,100.68,106.52,97.4,130.09,129.49,130.62,99.42,106.07,105.42,100.86,80.39,103.54,107.73,95.88,98.81,101.83,97.83,107.09,114.35,104.07,108.94,90.71,95.71,100.44
_201703,104.68,105.82,99.62,162.47,101.66,98.02,107.14,102.82,139.98,135.94,143.39,101.08,109.45,105.82,105.69,76.97,106,110.17,97.16,98.93,98.73,98.47,103.79,115.19,106.41,112.69,94.04,95.56,101.34
_201704,103.59,104.22,99.03,171.22,102.02,101.31,106.86,100.38,128.62,127.26,129.78,100.29,106.45,105.3,103.57,84.69,104.03,108.6,94.39,100.67,95.84,100.38,106.21,115.41,104.87,108.09,96.03,96.84,103.63
_201705,105.95,106.75,100.33,171.06,105.22,104.64,108.54,104.31,137.38,136.96,137.77,101.93,111.02,106.32,106.13,82.95,106.19,110.64,96.31,102.07,98.94,101.83,106.24,117.14,106.57,113.1,92.65,97.99,104.85
_201706,104.87,105.83,99.35,173.04,102.95,102.66,104.79,102.57,134.24,134.29,134.23,101.73,109.37,106.78,105.33,83.38,104.7,111.48,96.07,100.1,96.36,99.35,109.65,114.98,106.17,111.53,89.31,97.29,103.13
_201707,104.83,105.85,99.91,163.52,103.01,100.09,106.68,104.44,135.74,139.39,132.72,101.46,110.04,107.08,105.95,83.12,105.56,111.73,93.78,99.69,96.42,99.4,104.41,114.75,106.63,110.96,92.91,97.54,102.23
_201708,105.15,105.96,100.77,167.35,101.37,98.82,102.61,103.79,139.39,133.68,144.19,101.08,105.42,107,105.5,78.91,105.14,111.99,95.5,101.23,95.81,101.27,103.92,116.3,106.51,112.09,93.31,96.44,103.97
_201709,106.35,107.07,100.4,169.2,102.05,98.88,107.2,102.9,141.02,144.47,138.16,102.64,107.98,107.6,105.39,84.24,106.26,112.46,97.5,102.9,96.35,103.73,98.46,113.58,107.19,113.22,96.1,97.93,105.68
_201710,106.93,108.38,99.48,171.61,106.14,102.07,106.45,110.74,140.78,144.82,137.44,104.21,112.01,107.63,108.34,86.35,108.34,111.55,99.78,99.41,99.89,98.75,105.81,117.87,108.01,116.5,89.7,98.23,102.21
_201711,107.21,108.12,99.92,178.69,101.76,100.01,105.21,102.04,143.66,143.97,143.43,104.08,110.84,107.82,106.47,90.47,108.77,112.1,97.72,102.71,103.18,102.42,105.49,116.71,107.51,114.32,96.44,99.7,105.67
_201712,108.44,109.23,99.19,171.88,107.91,107.82,112.26,105.9,140.93,144.92,137.62,105.3,115.32,109.28,106.61,87.31,107.57,115.68,100.82,104.64,104.45,104.73,104.06,118.39,108.81,116.68,100.73,99.21,107.17
_201801,104.56,105.9,99.47,171.28,100.19,93.47,105.57,104.46,140.5,139.47,141.57,101.42,105.02,106.64,104.45,84.4,104.73,111.96,94.92,97.72,96.58,97.31,102.48,111.62,105.55,111.75,93.37,97.68,100.58
_201802,106.01,105.23,99.5,165.8,100.44,97.79,105.35,100.83,135.76,139.09,133.78,101.18,108.41,106.84,102.35,84.19,101.68,111.83,96.74,110.72,93.23,112.72,100.54,111.25,104.24,111.34,88.04,98.02,113.38
_201803,106.92,106.74,100.67,161.68,103.77,103.3,104.76,104.24,134.25,140.87,129.98,103.01,109.76,107.05,102.62,92.32,103.38,111.81,98.96,108.37,98.09,109.57,102.28,108.3,104.93,112.92,90.49,100.63,110.66
_201804,105.69,107.15,100.54,149.23,99.53,97.27,105.38,98.97,143.59,141.24,145.59,103.17,111.18,107.05,105.62,87.52,104.95,110.6,99.67,98.2,101.23,97.67,101.92,115.05,105.82,114.19,91.83,99.7,99.88
_201805,104.53,105.53,100.4,120.9,100.72,99.32,106.1,99.57,138.73,138.86,138.99,101.42,107.49,105.06,105.08,87.26,103.84,108.63,96.63,99.55,99.85,99.45,100.63,106.75,105.63,111.48,89,98.59,100.02
_201806,106.56,107.68,99.64,154.69,102.29,96.64,106.78,106,144.51,139.04,148.67,103.42,111.88,107.32,104.4,88.95,105.58,110.78,100.08,100.92,101.48,101.42,95.9,112.15,106.21,115.53,91.4,99.25,102.81
_201807,106.1,106.8,98.82,161.35,101.62,97.97,103.19,104.97,145.44,139.82,149.72,102.01,110.7,106.29,99.37,89.51,105.05,111.08,98.05,102.73,104.02,102.92,100.43,114.12,104.01,115.39,90.29,99.01,104.79
_201808,106.33,107.23,100.21,163.81,102.88,101.17,103.52,104.82,139.2,135.65,142.01,103.22,103.55,106.25,105.44,90.5,106.2,111.07,98.99,101.89,106.02,101.7,101.79,113.83,105.85,114.25,88.46,99.89,103.97
_201809,105.2,106.18,99.42,167.93,100.21,98.2,101.06,102.32,138.34,134.89,141.09,102.39,107.29,105.51,103.17,87.92,104.54,110.62,99.3,100.33,100.94,100.11,102.43,113.77,104.47,113.37,86.45,98.83,102.84
_201810,106.76,107.74,99.98,170.33,103.62,101.27,104.42,106.13,139.9,136.8,142.4,103.79,109.11,106.57,105.88,91.06,104.38,112.55,99.6,101.85,101.33,101.61,104.71,112.75,106.4,114.47,92.69,100.08,104.44
_201811,105.49,106.4,98.55,154.45,100.52,100.18,101.58,100.81,140.98,133.66,146.43,102.63,110.09,105.31,100.28,89.13,102.36,110.36,102.73,101.05,97.68,101.32,100.36,112.85,103.88,114.87,89.05,98.49,103.09
_201812,106.6,107.86,100.32,160.09,101.48,99.18,104.83,102.42,144.96,139.25,149.3,103.57,111.86,105.23,106.38,97.17,104.46,112.57,95.57,100.23,104.89,100.18,98.45,115.44,106.45,113.78,94.76,101.5,102.2
_201901,107.28,108.13,100.95,168.35,105.5,107.95,103.7,104.65,141.04,142.05,140.74,103.59,116.55,105.48,107.02,88.78,103.77,110.76,100.03,103.03,97.9,103.5,100.89,109.47,106.26,115.84,90,100.33,105.33
_201902,107.26,108.57,100.13,166.22,103.88,105.35,101.89,104.12,144.97,141.17,147.99,104.28,108.78,106.41,107.11,94.43,103.92,110.24,101.56,100.7,99.23,100.73,101.4,113.87,105.36,117.2,89.34,101.33,102.86
_201903,107.04,108.34,99.3,162.91,106.4,109.46,105.91,104.13,145.88,142.94,148.31,103.32,108.99,107.05,102.84,88.24,104.69,111.23,101.78,100.55,102.53,100.3,102.56,114.45,106.17,117.63,93.05,98.91,102.46
_201904,107.16,108.26,100.8,157.88,109.27,115.87,103.77,106.31,139.04,139.33,139.22,103.4,111.96,105.19,103.58,91.57,103.65,110.79,101.2,101.69,97.97,101.93,101.25,112.82,104.86,116.84,94.92,101.02,103.64
_201905,108.97,109.5,99.69,153.58,106.77,109.31,106.52,104.91,145.69,144.55,146.88,105.33,113.15,105.76,105.35,103.31,103.69,110.43,102.43,106.32,97.71,107.21,101.34,112.42,105.85,118.01,97.25,102.67,108.13
_201906,105.74,106.49,99.17,133.49,104.06,109.21,103.48,99.69,138.35,138.19,138.83,102.51,112.74,105.28,104.65,91.28,101.54,107.93,100.44,102,98.57,102.17,102.12,112.6,104.12,113.96,94.93,99.84,103.15
_201907,106.79,107.49,98.42,145.08,103.19,106.85,103.34,99.92,140.88,136.88,144.02,104.13,115.62,104.7,103.74,97.4,104.36,108.79,102.04,103.36,101.17,103.13,107.18,111.6,104.39,115.19,94.12,101.36,104.78
_201908,105.17,106.09,98.34,149.95,101.14,98.04,105.46,102.38,137.47,129.7,143.2,102.83,114.23,104.11,102.55,96.35,101.6,108.83,100.22,100.56,100.2,100.63,100.18,110.32,103.38,112.95,90.18,100.64,102.14
_201909,106.51,107.93,101.05,132.77,104.87,107.72,102.12,104.14,140.72,130.29,148.28,103.79,105.98,103.17,107.5,95.55,103.55,107.5,102.7,99.42,99.51,99.2,102.01,112.98,104.01,115.86,99.76,102.23,100.53
_201910,106.52,107.89,99.63,117.56,102.37,109.92,101.35,95.81,139.33,131.42,145.15,105.28,108.69,105.88,104.66,107.68,102.42,109.66,102.84,99.63,99.67,99.48,101.47,111.01,103.36,114.05,115.97,104.2,100.28
_201911,105.71,106.57,99.65,114.38,101.81,103.7,97.87,102.74,140.83,130.77,148.15,102.77,112.47,105.21,102.35,93.67,100.89,107.35,102.81,101.43,100.68,101.51,101.17,111.92,100.93,115.76,100.23,101.58,101.96
_201912,103.46,104.53,99.75,117.35,99.2,102.11,98.45,97.21,130.42,123.63,135.45,101.86,111.04,101.83,97.88,98.54,99.53,107.06,102.34,98.11,99.98,97.7,101.93,110.86,99.54,111.32,101.39,101.52,98.73
_202001,105.42,106.84,99.21,108.74,102.5,109.05,99.31,98.66,133.41,121.57,142.21,103.64,121.77,104.12,100.83,97.84,101.66,104.53,103.81,96.96,101.81,96.43,99.08,111.44,102.12,113.67,101.03,102.29,96.95
_202002,106.96,108.27,101.3,108.92,103.42,107.03,101.77,101.23,137.75,124.03,147.95,104.33,110.96,104.37,105.17,95.98,102.36,108.04,104.04,99.11,99.91,98.92,100.46,110.83,104.62,115.29,105.46,101.8,99.28
_202003,87.06,85.74,97.59,72.79,77.79,87.21,76.36,70.56,92.72,72.64,107.65,82.85,62.53,86.93,89.41,117.43,70.53,74.05,82.18,94.96,62.21,96.57,98.71,69.89,80.37,84.78,55.06,95.49,96.4
_202004,67.79,65.64,91.02,76.65,60.01,72.33,54.7,52.41,47.79,9.32,76.4,64.27,42.15,70.9,78.21,93,51.64,51.7,65.17,80.64,41.43,81.16,98.19,40.57,63.23,58.67,25.07,81.58,82.68
_202005,82.06,80.71,92.05,86.09,79.44,80.45,81.32,77.57,69.92,45.96,87.74,80.46,75.58,86.03,87.73,94.66,80.35,73.22,76.94,90.12,76.02,89.86,100.55,84.4,80.88,75.61,64.57,89.49,90.73
_202006,92.99,92.58,98.06,103.03,90.83,91.82,94.26,88.13,91.75,84.01,97.51,91.65,91.3,94.4,90.93,97.33,92.46,86.02,92.95,95.42,93.52,95.12,99.3,98.11,90.43,92.18,87.59,96.1,95.67
_202007,97.42,97.62,98.98,101.46,96.15,98.51,97.24,93.55,100.84,101.65,100.24,96.83,101.87,101.22,91.35,98.33,98.15,92.8,98.84,96.19,97.59,95.41,102.59,102.74,95.15,99.14,95.23,98.42,96.24
_202008,98.02,98.05,98.63,92.29,93.06,89,97.85,93.93,102.26,107.75,98.18,98.15,111.12,99.68,91.48,91.91,101.84,98.08,98.81,97.87,98.8,96.97,105.61,107.38,97.11,98.65,98.42,98.28,97.74
_202009,99.8,100.41,99.9,106.76,94.5,96.58,94.68,92.63,113.61,127.06,103.61,98.83,104.56,100.27,96.88,99.92,98.88,97.98,98.43,96.17,98,95.56,100.85,101.88,97.63,102.53,101.6,100.26,96.29
_202010,101.84,101.43,98.23,120.43,98.48,97.17,99.03,99.28,112.11,131.17,97.94,100.38,108.33,99.76,103.32,107.26,98.42,97.23,98.54,104.29,92.57,105.45,100.32,101.09,98.83,102.98,98.19,101.91,105.23
_202011,100.27,101.17,98.46,106.88,97.94,98.75,97.64,97.42,110.15,117.9,104.39,100.54,98.34,99.7,104.11,99.51,102.44,99.5,99.89,94.88,100.97,93.88,100.65,101.48,101.41,102.98,94.79,98.51,94.8
_202012,99.68,99.86,97.17,77.16,96.74,98.24,93.68,97.11,108.18,117.24,101.45,99.5,107.28,98.69,102.38,93.23,99.72,103.42,96.41,98.59,99.56,98.41,99.62,101,100.74,101.18,98.05,97.13,98.17
_202101,102.81,103.09,100.01,80.27,102.21,103.98,101.27,101.21,111.14,115.78,107.69,102.34,98.73,100.07,101.15,116.66,101.47,103.52,98.4,101.16,103.34,100.87,102.59,106.6,101.7,103.78,106.38,103.69,100.68
_202102,98.45,98.63,97.51,83.17,98.67,98.81,101.32,97.12,100.37,111.19,92.33,98.59,94.72,97.99,99.36,102.98,98.61,99.86,96.57,97.39,100.16,96.76,101.64,101.98,99.48,98.14,104.46,98.1,97.01
_202103,100.13,99.96,100.05,95.73,100.32,99.29,99.65,101.56,101,108.72,95.26,99.62,95.05,97.96,100.4,104.17,100.75,100.06,98.06,101.1,101.26,100.85,103.31,101.66,99.8,100.4,96.63,99.84,101
_202104,100.02,99.9,98.37,94.14,100.5,101.79,100.24,99.55,100.1,105.64,95.98,100.16,92.11,98.22,97.97,98.29,100.78,101.72,102.33,100.73,101.11,100.65,101.25,101.03,100.67,101.51,96.37,96.89,100.6
_202105,99.9,99.26,98.63,95.76,99.21,97.39,98.06,101.38,97.93,93.67,101.11,99.78,94.66,99.03,97.63,101.6,100.01,100.17,100.75,103.77,101.88,104.39,99.05,100.13,99.16,100.15,93.47,98.57,103.73
_202106,99.51,99.47,100.49,106.25,100.58,98.8,101.16,101.78,95.74,94.52,96.66,99.77,99.25,100.19,101.6,98.07,99.51,100.07,99.49,99.75,103.64,99.47,100.17,99.5,99.8,98.75,99.89,100.18,99.67
_202107,100.34,100.71,100.34,104.72,98.94,94.08,100.24,102.37,104.23,93.08,112.52,100.38,106.91,101.02,100.89,93.08,99.86,102.02,100.53,98.12,97.92,98.19,97.63,98.99,100.36,101.51,100.57,99.76,98.26
_202108,100.04,100.31,99.77,107.27,99.69,101.84,98.76,98.36,99.06,92.4,104.01,100.88,100.41,100.59,98.32,106.85,98.42,99.26,102.27,98.41,98.76,98.6,96.46,98.21,98.81,100.35,101.35,101.84,98.56
_202109,98.63,98.59,99.3,103.14,100.61,102.11,99.84,99.75,90.49,90.45,90.51,99.81,103.86,101.05,98.88,97.64,99.59,98.25,101.16,98.89,99.02,98.8,99.73,98.78,99.1,97.32,98.47,99.9,98.96
_202110,101.27,101.36,101.36,105.77,100.62,101.83,100.2,99.82,104.66,93.61,112.88,100.73,106.27,101.62,99.55,98.73,101.06,98.78,102,100.75,98.59,101.09,98.86,99.83,99.98,102.21,101.16,101.63,100.89
_202111,99.22,98.92,102.57,112.97,98.16,100.67,101.02,94.49,94.01,95.76,92.7,99.22,102.05,101.15,101.48,95.92,101.1,98.02,98.43,100.97,95.98,101.33,100.48,98.19,100.66,95.9,100.94,101.07,101.44
_202112,99.68,99.8,101.59,110.82,100.48,99.42,98.22,102.6,101.27,105.17,98.36,98.73,105.97,101.11,102.76,85.99,98.84,98.26,100.02,98.95,98.33,99,98.84,95.1,100.45,99.97,100.3,98.53,99.19
_202201,101.84,102.44,102.46,116.42,100.08,98.76,101.74,100.32,102.02,102.64,101.56,103.06,106.85,100.48,101.69,107.18,104.76,101.4,102.54,98.27,99.51,98.03,99.72,99.48,102.91,100.97,99.83,104.12,98.52
_202202,100.39,101.2,101.4,113.01,100.98,102.22,99.09,100.94,100.04,95.85,103.15,101.42,112.15,100.03,97.7,94.96,101.02,101.3,104.03,95.55,100.76,95.18,95.97,98.51,101.21,101.27,100.11,101.03,95.58
_202203,100.02,100.79,101.37,124.39,99.54,101.65,101.17,96.87,95.59,89.19,100.35,102.07,115.17,102.57,101.21,98.27,100.23,99.72,103.89,95.42,98.86,94.79,99.27,97.53,100.81,99.03,105.62,102.78,95.76
_202204,99.09,99.72,99.36,124.52,97.64,100.05,99.44,94.63,99.5,91.14,105.72,100.26,107.2,100.37,95.25,107.57,97.9,97.14,101.8,95.34,95.65,94.69,101.23,96.67,98.36,98.87,96.95,102.51,95.84
_202205,100.14,101.48,98.86,128.69,99.67,101.83,101.99,96.58,102.57,106.56,99.61,102.25,112.67,100.01,96.69,108.26,98.27,100.18,104.47,92.18,94.72,90.87,102.9,96.26,99.53,101.57,103.03,103.07,92.7
_202206,101.2,102.37,100.38,125.18,102.35,104.7,102.74,100.15,106.25,105.52,106.8,101.87,116.41,99.6,94.17,108.82,98.9,99.71,103.51,94.2,94.65,93.32,102.12,95.01,100.03,102.81,105.57,103.77,94.73
_202207,99.73,100.88,99.84,130.08,98.05,103.92,95.85,94.26,107.11,103.38,109.89,100.23,114.75,96.33,95.42,105.01,95.71,97.67,102.89,92.87,92.37,91.99,101.25,94.75,97.75,101.66,105.95,102.49,93.54
_202208,102.08,103.6,100.48,136.21,103.27,107.56,103.71,99.38,111.01,119.32,104.84,102.61,116.35,98.94,98.93,107.94,98.01,99.85,104.83,92.97,92.47,92.04,101.91,97.17,100.5,104.63,105.86,104.92,93.74
_202209,101.83,103.6,99.53,122.25,105.28,113.56,103.36,99.3,110.22,121.45,101.86,102.63,119.76,98.64,96.82,105.78,98.97,96.9,107.75,91.21,93.01,90.67,95.27,96.12,98.92,106.29,106.99,104.34,91.65
_202210,99.55,101.89,99.83,65.7,99.84,101.63,101.55,97.4,108.83,112.33,106.24,101.49,117.65,96.83,92.79,105.06,97.82,97.21,107,85.59,92.57,83.92,97.08,96.93,97.89,103.78,106.06,103.61,84.86
_202211,100.81,103.64,101.54,125.81,104.55,110.36,104.14,99.86,106,114.13,99.96,103.31,119.32,98.71,93.08,107.29,97.85,99.95,109.47,83.97,93.77,81.99,96.67,97.37,98.86,105.35,112.71,105.5,84.19
_202212,101.61,103.2,98.22,138.28,101.6,105.05,100.69,99.16,114.82,115.81,114.09,102,115.58,94.4,95.81,116.35,95.36,96.92,105.7,92.18,92.14,91.42,99.16,96.09,97.29,105.92,104.86,105.3,92.98
_202301,100.19,102.18,98.4,143.36,104.36,109.91,102.21,100.86,109.9,114.42,106.53,100.12,115.93,92.51,89.76,107.12,95.84,96.03,107.81,89.22,85.39,88.86,92.2,97.95,95.26,106.12,105.22,103.07,91.76
_202302,101.58,103.05,98.42,143.51,105.63,111.59,108.56,99.1,118.09,119.42,117.11,99.43,113.98,92.47,91.72,113.28,93.98,93.39,105.52,92.96,91.42,92.6,94.16,99.5,94.64,108.42,104.13,104.35,95.06
_202303,100.3,101.74,99.26,80.6,104.47,109.94,102.48,100.96,116.65,120.67,113.64,99.42,119.96,90.8,89.39,103.34,94.15,97.2,106.36,91.79,90.27,91.55,91.29,98.02,94.82,108.23,104.15,103.39,89.39
_202304,100.55,101.88,98.89,100.19,105.93,113.44,102.1,101.73,116.31,113.76,118.23,98.89,124.95,90.14,90.8,100.95,93.2,96.11,105.32,92.57,89.92,92.39,91.69,99.26,94.88,107.86,103.9,102.99,91.59
_202305,102.62,104.44,99.49,144.47,107.78,115.54,104.69,102.98,121.25,124.41,118.89,100.34,120.06,91.2,96.41,100.25,96.73,94.68,108,92.4,91.11,92.14,91.87,99.95,96.69,111.12,106.95,102.5,94.63
_202306,101.71,103.15,99.31,145.08,107.14,116.49,102.47,101.88,118.36,119.49,117.52,98.91,119.26,89.27,92.37,104.5,93.06,93.16,107.36,93.18,89.98,93.01,92.49,97.65,93.68,110.12,103.23,103.45,95.43
_202307,101.7,103.24,99.41,138.81,106.56,115.39,102.49,101.4,116.65,123.62,111.44,99.76,117.33,91.25,91.19,109.07,93.17,95.15,107.3,92.72,91.3,92.47,92.22,98.82,94.18,109.65,99.92,104.56,94.49
_202308,101.7,102.95,97.93,141.9,106.65,113.26,102.2,103.53,118.43,113.58,122.08,99.13,120.46,91.31,92.71,101.12,92.83,95.77,105.91,93.99,91.08,93.95,91.19,97.45,95.23,108.9,112.24,101.7,95.93
_202309,101.5,102.75,96.31,146.73,105.11,111.33,104.36,100.33,115.6,112.56,117.88,100.1,118.88,90.74,95.65,104.51,91.58,96.47,107.21,93.8,90.56,93.68,92.58,98.49,95.94,107.91,106.46,101.46,96.11
_202310,101.46,103.25,97.6,138.78,104.66,115.07,100.34,98.35,119.19,122.13,117,100.14,118.76,90.69,96.11,107.51,89.85,95.06,108.36,91.35,86.59,91.17,92.19,97.77,94.62,109.45,111.71,103.09,93.37
_202311,101.74,103.24,96.7,136.16,106.82,119.35,100.65,99.77,118.44,114.97,121.06,100.1,126.46,88.97,94.09,110.19,88.67,96.04,107.39,92.94,82.09,93.17,91.41,96.02,94.16,109.99,100.4,103.84,94.84
_202312,102.07,103.67,97.69,133.23,101.11,104.44,105.52,95.94,120,113.9,124.58,101.69,117.48,89.78,95.38,115.54,92.11,97.05,109.31,92.82,88.46,92.71,91.99,97.8,95.56,109.09,108.18,104.8,94.27
_202401,101.49,102.75,98.67,119.55,102.02,114.29,98.01,94.02,114.45,105.52,121.15,101.27,121.39,90.36,94.91,119,87.8,94.25,110.81,93.81,77.2,94.4,90.43,99.04,93.14,108.51,105.28,106.25,94.61
_202402,101.63,103.59,100.4,130.3,103.63,113.71,102.99,95.64,110.63,104.89,114.95,102.47,123.47,92.69,96.56,117.52,91.66,95.4,110.8,90.78,82.45,90.9,89.29,95.21,95.78,107.42,103.66,107.08,92.34
_202403,101.45,103.17,99.68,125.01,102.31,115.83,101.96,91.35,112.66,104.13,119.06,101.93,115.12,91.09,97.47,119.88,90.53,94.55,110.59,91.66,82.01,91.75,91.45,96.46,95.22,107.32,107.47,106.37,92.81
_202404,102.18,104.03,99.01,124.52,106.72,118.31,103.57,98.82,110.76,106.98,113.6,103.04,124.98,92.83,97.17,120.36,91.28,94.48,112.45,91.83,83.6,91.94,90.31,95.05,95.59,108.99,106.03,107,92.86
_202405,100.1,101.09,98.51,129.75,100.05,111.1,101.11,90.36,109.32,99.11,116.97,99.72,118.05,93.38,94.65,114.84,86.79,91.61,108.92,93.65,81.95,94.12,88.77,94.19,93.15,104.88,102.24,104.68,95.01
_202406,100.99,102.14,98.97,145.84,99.86,110.79,103.99,88.64,112.34,102.45,119.75,100.31,119.56,91.55,96.2,113.82,88.2,92.07,109.97,93.81,81.77,94.4,87.28,95.94,93.41,106.37,101.8,105.22,96.34
_202407,101.22,102.07,99.32,131.92,104,113.74,101.65,97.19,107.66,99.21,113.99,100.61,118.12,91.7,97.34,115.86,86.8,90.98,111.75,95.38,82.4,96.07,87.93,93.13,93.07,106.94,103.06,105.43,96.78
_202408,101.82,102.74,98.48,128.94,101.59,115.32,97.54,92.42,110.22,101.96,116.42,102.11,114.95,90.81,92.68,133.72,87.49,92.19,113.04,95.63,82.62,96.24,89.5,94.05,92.17,107.72,103.67,108.61,96.78
_202409,101.3,102.18,99.2,135.45,101.11,113.14,101.04,91.23,111.49,100.19,119.96,100.54,116.86,89.11,93.8,119.14,85.73,92.92,112.12,95.31,81.83,96.06,87.26,93.44,92.35,107.46,105.05,105.76,96.99
_202410,101.05,101.92,99.03,140.12,103.19,114.91,102.45,93.92,108.67,96.78,117.59,100.14,119.76,89.46,94.94,115.9,86.11,92.02,111.14,95.1,80,95.71,90.41,91.64,92.68,106.87,101,105.02,97.2
_202411,100.97,102,96.5,142.35,101.6,110.52,100.14,95,112.92,103.05,120.32,100.3,115.07,88.54,93.01,119.12,85.92,92.16,112.79,94.29,83.03,94.71,90.05,94.22,91.81,108.62,102.6,103.77,96.48
_202412,100.51,100.99,99.61,143.52,102.26,115.8,104.08,90.14,106.43,91.61,117.54,98.96,119.72,88.31,90.13,108.41,86.04,91.57,113.05,96.35,84.29,96.7,93.52,95.96,91.44,106.36,102.67,103.54,98.46
_202501,99.87,100.25,99.41,141.02,100.28,113.67,99.52,89.65,107.31,97.47,114.68,98.05,118.33,87.72,90.08,108.31,84.78,90.78,111.36,96.13,81.21,96.69,91.91,92.31,90.76,105.46,102.99,102.95,98.15
